{
  "__type__": "cc.SpriteFrame",
  "content": {
    "name": "player_06",
    "atlas": "",
    "rect": {
      "x": 4,
      "y": 9,
      "width": 29,
      "height": 39
    },
    "offset": {
      "x": -1.5,
      "y": -3.5
    },
    "originalSize": {
      "width": 40,
      "height": 50
    },
    "rotated": false,
    "capInsets": [
      0,
      0,
      0,
      0
    ],
    "vertices": {
      "rawPosition": [
        -14.5,
        -19.5,
        0,
        14.5,
        -19.5,
        0,
        -14.5,
        19.5,
        0,
        14.5,
        19.5,
        0
      ],
      "indexes": [
        0,
        1,
        2,
        2,
        1,
        3
      ],
      "uv": [
        4,
        41,
        33,
        41,
        4,
        2,
        33,
        2
      ],
      "nuv": [
        0.1,
        0.04,
        0.825,
        0.04,
        0.1,
        0.82,
        0.825,
        0.82
      ],
      "minPos": {
        "x": -14.5,
        "y": -19.5,
        "z": 0
      },
      "maxPos": {
        "x": 14.5,
        "y": 19.5,
        "z": 0
      }
    },
    "texture": "288a1824-e6e7-4a2b-b54f-da4abb031cc0@6c48a",
    "packable": true,
    "pixelsToUnit": 100,
    "pivot": {
      "x": 0.5,
      "y": 0.5
    },
    "meshType": 0
  }
}