{
  "__type__": "cc.SpriteFrame",
  "content": {
    "name": "floor1_02",
    "atlas": "",
    "rect": {
      "x": 0,
      "y": 1,
      "width": 100,
      "height": 19
    },
    "offset": {
      "x": 0,
      "y": -0.5
    },
    "originalSize": {
      "width": 100,
      "height": 20
    },
    "rotated": false,
    "capInsets": [
      0,
      0,
      0,
      0
    ],
    "vertices": {
      "rawPosition": [
        -50,
        -9.5,
        0,
        50,
        -9.5,
        0,
        -50,
        9.5,
        0,
        50,
        9.5,
        0
      ],
      "indexes": [
        0,
        1,
        2,
        2,
        1,
        3
      ],
      "uv": [
        0,
        19,
        100,
        19,
        0,
        0,
        100,
        0
      ],
      "nuv": [
        0,
        0,
        1,
        0,
        0,
        0.95,
        1,
        0.95
      ],
      "minPos": {
        "x": -50,
        "y": -9.5,
        "z": 0
      },
      "maxPos": {
        "x": 50,
        "y": 9.5,
        "z": 0
      }
    },
    "texture": "30837a1e-f3ee-4162-93fc-b5fa2b7a52e2@6c48a",
    "packable": true,
    "pixelsToUnit": 100,
    "pivot": {
      "x": 0.5,
      "y": 0.5
    },
    "meshType": 0
  }
}