[
    1,
    [
        "41MQ20N6RCTLGgbTBF49FF@6c48a"
    ],
    [
        "_textureSource"
    ],
    [
        "cc.SpriteFrame"
    ],
    0,
    [
        {
            "name": "Common",
            "rect": {
                "x": 10,
                "y": 11,
                "width": 354,
                "height": 100
            },
            "offset": {
                "x": 0,
                "y": -1
            },
            "originalSize": {
                "width": 374,
                "height": 120
            },
            "rotated": false,
            "capInsets": [
                0,
                0,
                0,
                0
            ],
            "vertices": {
                "rawPosition": [
                    -177,
                    -50,
                    0,
                    177,
                    -50,
                    0,
                    -177,
                    50,
                    0,
                    177,
                    50,
                    0
                ],
                "indexes": [
                    0,
                    1,
                    2,
                    2,
                    1,
                    3
                ],
                "uv": [
                    10,
                    109,
                    364,
                    109,
                    10,
                    9,
                    364,
                    9
                ],
                "nuv": [
                    0.026737967914438502,
                    0.075,
                    0.9732620320855615,
                    0.075,
                    0.026737967914438502,
                    0.9083333333333333,
                    0.9732620320855615,
                    0.9083333333333333
                ],
                "minPos": {
                    "x": -177,
                    "y": -50,
                    "z": 0
                },
                "maxPos": {
                    "x": 177,
                    "y": 50,
                    "z": 0
                }
            },
            "packable": true,
            "pixelsToUnit": 100,
            "pivot": {
                "x": 0.5,
                "y": 0.5
            },
            "meshType": 0
        }
    ],
    [
        0
    ],
    0,
    [
        0
    ],
    [
        0
    ],
    [
        0
    ]
]
