{
  "__type__": "cc.SpriteFrame",
  "content": {
    "name": "floor2_01",
    "atlas": "",
    "rect": {
      "x": 0,
      "y": 0,
      "width": 99,
      "height": 20
    },
    "offset": {
      "x": -0.5,
      "y": 0
    },
    "originalSize": {
      "width": 100,
      "height": 20
    },
    "rotated": false,
    "capInsets": [
      0,
      0,
      0,
      0
    ],
    "vertices": {
      "rawPosition": [
        -49.5,
        -10,
        0,
        49.5,
        -10,
        0,
        -49.5,
        10,
        0,
        49.5,
        10,
        0
      ],
      "indexes": [
        0,
        1,
        2,
        2,
        1,
        3
      ],
      "uv": [
        0,
        20,
        99,
        20,
        0,
        0,
        99,
        0
      ],
      "nuv": [
        0,
        0,
        0.99,
        0,
        0,
        1,
        0.99,
        1
      ],
      "minPos": {
        "x": -49.5,
        "y": -10,
        "z": 0
      },
      "maxPos": {
        "x": 49.5,
        "y": 10,
        "z": 0
      }
    },
    "texture": "60460a36-16ea-4afa-bc23-4f50e2084822@6c48a",
    "packable": true,
    "pixelsToUnit": 100,
    "pivot": {
      "x": 0.5,
      "y": 0.5
    },
    "meshType": 0
  }
}