{
  "__type__": "cc.SpriteFrame",
  "content": {
    "name": "player_13",
    "atlas": "",
    "rect": {
      "x": 6,
      "y": 7,
      "width": 28,
      "height": 41
    },
    "offset": {
      "x": 0,
      "y": -2.5
    },
    "originalSize": {
      "width": 40,
      "height": 50
    },
    "rotated": false,
    "capInsets": [
      0,
      0,
      0,
      0
    ],
    "vertices": {
      "rawPosition": [
        -14,
        -20.5,
        0,
        14,
        -20.5,
        0,
        -14,
        20.5,
        0,
        14,
        20.5,
        0
      ],
      "indexes": [
        0,
        1,
        2,
        2,
        1,
        3
      ],
      "uv": [
        6,
        43,
        34,
        43,
        6,
        2,
        34,
        2
      ],
      "nuv": [
        0.15,
        0.04,
        0.85,
        0.04,
        0.15,
        0.86,
        0.85,
        0.86
      ],
      "minPos": {
        "x": -14,
        "y": -20.5,
        "z": 0
      },
      "maxPos": {
        "x": 14,
        "y": 20.5,
        "z": 0
      }
    },
    "texture": "3e07d7b3-e19a-4335-8fcf-a57d34ab888e@6c48a",
    "packable": true,
    "pixelsToUnit": 100,
    "pivot": {
      "x": 0.5,
      "y": 0.5
    },
    "meshType": 0
  }
}