{
  "__type__": "cc.SpriteFrame",
  "content": {
    "name": "player",
    "atlas": "",
    "rect": {
      "x": 8,
      "y": 7,
      "width": 711,
      "height": 42
    },
    "offset": {
      "x": 3.5,
      "y": -3
    },
    "originalSize": {
      "width": 720,
      "height": 50
    },
    "rotated": false,
    "capInsets": [
      0,
      0,
      0,
      0
    ],
    "vertices": {
      "rawPosition": [
        -355.5,
        -21,
        0,
        355.5,
        -21,
        0,
        -355.5,
        21,
        0,
        355.5,
        21,
        0
      ],
      "indexes": [
        0,
        1,
        2,
        2,
        1,
        3
      ],
      "uv": [
        8,
        43,
        719,
        43,
        8,
        1,
        719,
        1
      ],
      "nuv": [
        0.011111111111111112,
        0.02,
        0.9986111111111111,
        0.02,
        0.011111111111111112,
        0.86,
        0.9986111111111111,
        0.86
      ],
      "minPos": {
        "x": -355.5,
        "y": -21,
        "z": 0
      },
      "maxPos": {
        "x": 355.5,
        "y": 21,
        "z": 0
      }
    },
    "texture": "8afc2968-fea7-465a-95f5-64850fec9938@6c48a",
    "packable": true,
    "pixelsToUnit": 100,
    "pivot": {
      "x": 0.5,
      "y": 0.5
    },
    "meshType": 0
  }
}