{
  "__type__": "cc.SpriteFrame",
  "content": {
    "name": "player_02",
    "atlas": "",
    "rect": {
      "x": 8,
      "y": 9,
      "width": 24,
      "height": 39
    },
    "offset": {
      "x": 0,
      "y": -3.5
    },
    "originalSize": {
      "width": 40,
      "height": 50
    },
    "rotated": false,
    "capInsets": [
      0,
      0,
      0,
      0
    ],
    "vertices": {
      "rawPosition": [
        -12,
        -19.5,
        0,
        12,
        -19.5,
        0,
        -12,
        19.5,
        0,
        12,
        19.5,
        0
      ],
      "indexes": [
        0,
        1,
        2,
        2,
        1,
        3
      ],
      "uv": [
        8,
        41,
        32,
        41,
        8,
        2,
        32,
        2
      ],
      "nuv": [
        0.2,
        0.04,
        0.8,
        0.04,
        0.2,
        0.82,
        0.8,
        0.82
      ],
      "minPos": {
        "x": -12,
        "y": -19.5,
        "z": 0
      },
      "maxPos": {
        "x": 12,
        "y": 19.5,
        "z": 0
      }
    },
    "texture": "d9c06fb4-6fed-418d-a66f-d736f2068b2d@6c48a",
    "packable": true,
    "pixelsToUnit": 100,
    "pivot": {
      "x": 0.5,
      "y": 0.5
    },
    "meshType": 0
  }
}