[
  {
    "__type__": "cc.AnimationClip",
    "_name": "animation",
    "_objFlags": 0,
    "__editorExtras__": {
      "embeddedPlayerGroups": []
    },
    "_native": "",
    "sample": 60,
    "speed": 1,
    "wrapMode": 2,
    "enableTrsBlending": false,
    "_duration": 0,
    "_hash": 500763545,
    "_tracks": [
      {
        "__id__": 1
      },
      {
        "__id__": 6
      },
      {
        "__id__": 10
      },
      {
        "__id__": 20
      }
    ],
    "_exoticAnimation": null,
    "_events": [
      {
        "frame": 0.016666666666666666,
        "func": "",
        "params": []
      },
      {
        "frame": 0.016666666666666666,
        "func": "",
        "params": []
      },
      {
        "frame": 0.016666666666666666,
        "func": "",
        "params": []
      }
    ],
    "_embeddedPlayers": []
  },
  {
    "__type__": "cc.animation.ObjectTrack",
    "_binding": {
      "__type__": "cc.animation.TrackBinding",
      "path": {
        "__id__": 2
      }
    },
    "_channel": {
      "__id__": 4
    }
  },
  {
    "__type__": "cc.animation.TrackPath",
    "_paths": [
      {
        "__id__": 3
      },
      "spriteFrame"
    ]
  },
  {
    "__type__": "cc.animation.ComponentPath",
    "component": "cc.Sprite"
  },
  {
    "__type__": "cc.animation.Channel",
    "_curve": {
      "__id__": 5
    }
  },
  {
    "__type__": "cc.ObjectCurve",
    "_times": [],
    "_values": []
  },
  {
    "__type__": "cc.animation.QuatTrack",
    "_binding": {
      "__type__": "cc.animation.TrackBinding",
      "path": {
        "__id__": 7
      }
    },
    "_channel": {
      "__id__": 8
    }
  },
  {
    "__type__": "cc.animation.TrackPath",
    "_paths": [
      "rotation"
    ]
  },
  {
    "__type__": "cc.animation.Channel",
    "_curve": {
      "__id__": 9
    }
  },
  {
    "__type__": "cc.QuatCurve",
    "_times": [],
    "_values": [],
    "preExtrapolation": 1,
    "postExtrapolation": 1
  },
  {
    "__type__": "cc.animation.VectorTrack",
    "_binding": {
      "__type__": "cc.animation.TrackBinding",
      "path": {
        "__id__": 11
      }
    },
    "_channels": [
      {
        "__id__": 12
      },
      {
        "__id__": 14
      },
      {
        "__id__": 16
      },
      {
        "__id__": 18
      }
    ],
    "_nComponents": 3
  },
  {
    "__type__": "cc.animation.TrackPath",
    "_paths": [
      "scale"
    ]
  },
  {
    "__type__": "cc.animation.Channel",
    "_curve": {
      "__id__": 13
    }
  },
  {
    "__type__": "cc.RealCurve",
    "_times": [],
    "_values": [],
    "preExtrapolation": 1,
    "postExtrapolation": 1
  },
  {
    "__type__": "cc.animation.Channel",
    "_curve": {
      "__id__": 15
    }
  },
  {
    "__type__": "cc.RealCurve",
    "_times": [],
    "_values": [],
    "preExtrapolation": 1,
    "postExtrapolation": 1
  },
  {
    "__type__": "cc.animation.Channel",
    "_curve": {
      "__id__": 17
    }
  },
  {
    "__type__": "cc.RealCurve",
    "_times": [],
    "_values": [],
    "preExtrapolation": 1,
    "postExtrapolation": 1
  },
  {
    "__type__": "cc.animation.Channel",
    "_curve": {
      "__id__": 19
    }
  },
  {
    "__type__": "cc.RealCurve",
    "_times": [],
    "_values": [],
    "preExtrapolation": 1,
    "postExtrapolation": 1
  },
  {
    "__type__": "cc.animation.VectorTrack",
    "_binding": {
      "__type__": "cc.animation.TrackBinding",
      "path": {
        "__id__": 21
      }
    },
    "_channels": [
      {
        "__id__": 22
      },
      {
        "__id__": 24
      },
      {
        "__id__": 26
      },
      {
        "__id__": 28
      }
    ],
    "_nComponents": 3
  },
  {
    "__type__": "cc.animation.TrackPath",
    "_paths": [
      "position"
    ]
  },
  {
    "__type__": "cc.animation.Channel",
    "_curve": {
      "__id__": 23
    }
  },
  {
    "__type__": "cc.RealCurve",
    "_times": [],
    "_values": [],
    "preExtrapolation": 1,
    "postExtrapolation": 1
  },
  {
    "__type__": "cc.animation.Channel",
    "_curve": {
      "__id__": 25
    }
  },
  {
    "__type__": "cc.RealCurve",
    "_times": [],
    "_values": [],
    "preExtrapolation": 1,
    "postExtrapolation": 1
  },
  {
    "__type__": "cc.animation.Channel",
    "_curve": {
      "__id__": 27
    }
  },
  {
    "__type__": "cc.RealCurve",
    "_times": [],
    "_values": [],
    "preExtrapolation": 1,
    "postExtrapolation": 1
  },
  {
    "__type__": "cc.animation.Channel",
    "_curve": {
      "__id__": 29
    }
  },
  {
    "__type__": "cc.RealCurve",
    "_times": [],
    "_values": [],
    "preExtrapolation": 1,
    "postExtrapolation": 1
  }
]