{
  "__type__": "cc.AnimationClip",
  "_name": "animation",
  "_objFlags": 0,
  "__editorExtras__": {
    "embeddedPlayerGroups": []
  },
  "_native": "",
  "sample": 60,
  "speed": 1,
  "wrapMode": 1,
  "enableTrsBlending": false,
  "_duration": 0,
  "_hash": 500763545,
  "_tracks": [],
  "_exoticAnimation": null,
  "_events": [
    {
      "frame": 0.016666666666666666,
      "func": "",
      "params": []
    },
    {
      "frame": 0.016666666666666666,
      "func": "",
      "params": []
    },
    {
      "frame": 0.016666666666666666,
      "func": "",
      "params": []
    }
  ],
  "_embeddedPlayers": []
}