{"book_marks":{"C:/ruanjian/CocosDashboard/xm/xialou/assets/jiaoben/bggd.ts":[],"C:/ruanjian/CocosDashboard/xm/xialou/assets/jiaoben/main.ts":[],"C:/ruanjian/CocosDashboard/xm/xialou/assets/jiaoben/muban.ts":[],"C:/ruanjian/CocosDashboard/xm/xialou/assets/jiaoben/floor1.ts":[],"C:/ruanjian/CocosDashboard/xm/xialou/assets/jiaoben/floor2.ts":[],"C:/ruanjian/CocosDashboard/xm/xialou/assets/jiaoben/floor3.ts":[],"C:/ruanjian/CocosDashboard/xm/xialou/assets/jiaoben/restart.ts":[],"C:/ruanjian/CocosDashboard/xm/xialou/assets/jiaoben/home.ts":[],"C:/ruanjian/CocosDashboard/xm/xialou/assets/jiaoben/floor4_1.ts":[],"C:/ruanjian/CocosDashboard/xm/xialou/assets/jiaoben/floor4_2.ts":[],"C:/ruanjian/CocosDashboard/xm/xialou/assets/jiaoben/ue.ts":[],"C:/ruanjian/CocosDashboard/xm/xialou/assets/jiaoben/score.ts":[]},"records":[],"file_cfg":{"db://assets/jiaoben/bggd.ts":{"is_open":true,"is_show":1,"scroll_top":0},"db://assets/jiaoben/muban.ts":{"is_open":true,"is_show":0,"scroll_top":0},"db://assets/jiaoben/main.ts":{"is_open":true,"is_show":0,"scroll_top":500},"db://assets/jiaoben/floor2.ts":{"is_open":true,"is_show":0,"scroll_top":0},"db://assets/jiaoben/floor4_1.ts":{"is_open":true,"is_show":0,"scroll_top":0},"db://assets/jiaoben/floor4_2.ts":{"is_open":true,"is_show":0,"scroll_top":0},"db://assets/jiaoben/score.ts":{"is_open":true,"is_show":0,"scroll_top":0},"db://assets/jiaoben/restart.ts":{"is_open":true,"is_show":0,"scroll_top":0},"db://assets/jiaoben/startgame.ts":{"is_open":true,"is_show":0,"scroll_top":0},"db://assets/jiaoben/backsuofang.ts":{"is_open":true,"is_show":0,"scroll_top":0},"db://assets/jiaoben/floor3.ts":{"is_open":true,"is_show":0,"scroll_top":0},"C:/ruanjian/CocosDashboard/xm/xialou/assets/jiaoben/heart.ts":{"is_open":true,"is_show":0,"scroll_top":0},"db://assets/jiaoben/floor1.ts":{"is_open":true,"is_show":0,"scroll_top":0},"db://assets/jiaoben/home.ts":{"is_open":true,"is_show":0,"scroll_top":0},"db://assets/jiaoben/ue.ts":{"is_open":true,"is_show":0,"scroll_top":0},"db://assets/jiaoben/touch.ts":{"is_open":true,"is_show":0,"scroll_top":0}},"refresh_file_list":[]}