[
    1,
    [
        "30g3oe8+5BYpP8tforelLi@6c48a"
    ],
    [
        "_textureSource"
    ],
    [
        "cc.SpriteFrame"
    ],
    0,
    [
        {
            "name": "floor1_02",
            "rect": {
                "x": 0,
                "y": 1,
                "width": 100,
                "height": 19
            },
            "offset": {
                "x": 0,
                "y": -0.5
            },
            "originalSize": {
                "width": 100,
                "height": 20
            },
            "rotated": false,
            "capInsets": [
                0,
                0,
                0,
                0
            ],
            "vertices": {
                "rawPosition": [
                    -50,
                    -9.5,
                    0,
                    50,
                    -9.5,
                    0,
                    -50,
                    9.5,
                    0,
                    50,
                    9.5,
                    0
                ],
                "indexes": [
                    0,
                    1,
                    2,
                    2,
                    1,
                    3
                ],
                "uv": [
                    0,
                    19,
                    100,
                    19,
                    0,
                    0,
                    100,
                    0
                ],
                "nuv": [
                    0,
                    0,
                    1,
                    0,
                    0,
                    0.95,
                    1,
                    0.95
                ],
                "minPos": {
                    "x": -50,
                    "y": -9.5,
                    "z": 0
                },
                "maxPos": {
                    "x": 50,
                    "y": 9.5,
                    "z": 0
                }
            },
            "packable": true,
            "pixelsToUnit": 100,
            "pivot": {
                "x": 0.5,
                "y": 0.5
            },
            "meshType": 0
        }
    ],
    [
        0
    ],
    0,
    [
        0
    ],
    [
        0
    ],
    [
        0
    ]
]
