{
  "__type__": "cc.SpriteFrame",
  "content": {
    "name": "player_15",
    "atlas": "",
    "rect": {
      "x": 6,
      "y": 8,
      "width": 30,
      "height": 41
    },
    "offset": {
      "x": 1,
      "y": -3.5
    },
    "originalSize": {
      "width": 40,
      "height": 50
    },
    "rotated": false,
    "capInsets": [
      0,
      0,
      0,
      0
    ],
    "vertices": {
      "rawPosition": [
        -15,
        -20.5,
        0,
        15,
        -20.5,
        0,
        -15,
        20.5,
        0,
        15,
        20.5,
        0
      ],
      "indexes": [
        0,
        1,
        2,
        2,
        1,
        3
      ],
      "uv": [
        6,
        42,
        36,
        42,
        6,
        1,
        36,
        1
      ],
      "nuv": [
        0.15,
        0.02,
        0.9,
        0.02,
        0.15,
        0.84,
        0.9,
        0.84
      ],
      "minPos": {
        "x": -15,
        "y": -20.5,
        "z": 0
      },
      "maxPos": {
        "x": 15,
        "y": 20.5,
        "z": 0
      }
    },
    "texture": "16515726-b92d-4f1b-9068-c7ffa2c8dbc1@6c48a",
    "packable": true,
    "pixelsToUnit": 100,
    "pivot": {
      "x": 0.5,
      "y": 0.5
    },
    "meshType": 0
  }
}