{
  "log": {
    "level": 3
  },
  "common": {
    "polyfills": {
      "asyncFunctions": true
    },
    "buildPath": "project://build",
    "outputName": "wechatgame",
    "mainBundleCompressionType": "subpackage",
    "platform": "wechatgame",
    "startScene": "99cda081-71b2-490f-8145-e5e82f74c5cd",
    "mainBundleIsRemote": false,
    "sourceMaps": false
  },
  "BuildTaskManager": {
    "taskMap": {
      "1669444010122": {
        "type": "build",
        "id": "1669444010122",
        "progress": 1,
        "state": "success",
        "stage": "build",
        "message": "2022-11-26 15:02:28 Build success in 4777 ms!",
        "options": {
          "name": "xialou",
          "platform": "wechatgame",
          "buildPath": "project://build",
          "debug": false,
          "md5Cache": false,
          "skipCompressTexture": false,
          "sourceMaps": false,
          "polyfills": {
            "asyncFunctions": false
          },
          "experimentalEraseModules": false,
          "useBuiltinServer": false,
          "mainBundleIsRemote": false,
          "mainBundleCompressionType": "subpackage",
          "replaceSplashScreen": false,
          "startScene": "99cda081-71b2-490f-8145-e5e82f74c5cd",
          "outputName": "wechatgame",
          "scenes": [
            {
              "url": "db://assets/game.scene",
              "uuid": "1f076381-0b3c-43bf-895f-41501575d4a2",
              "inBundle": false
            },
            {
              "url": "db://assets/start.scene",
              "uuid": "99cda081-71b2-490f-8145-e5e82f74c5cd",
              "inBundle": false
            }
          ],
          "web-desktop": [],
          "packages": {
            "wechatgame": {
              "startSceneAssetBundle": true,
              "orientation": "portrait",
              "appid": "wxd7413d8fdaa121f0",
              "buildOpenDataContextTemplate": "",
              "separateEngine": true,
              "wasm": "wasm",
              "enabelWebGL2": "off",
              "__version__": "1.0.2"
            }
          },
          "__version__": "1.3.3",
          "wechatgame": []
        },
        "time": "2022-11-26 15:02",
        "dirty": false
      }
    }
  }
}
