{
  "common": {
    "buildPath": "project://build",
    "outputName": "wechatgame",
    "mainBundleCompressionType": "subpackage",
    "platform": "wechatgame",
    "startScene": "99cda081-71b2-490f-8145-e5e82f74c5cd",
    "mainBundleIsRemote": false,
    "sourceMaps": false
  },
  "options": {
    "wechatgame": {
      "startSceneAssetBundle": true,
      "orientation": "portrait",
      "appid": "wxd7413d8fdaa121f0",
      "buildOpenDataContextTemplate": "",
      "separateEngine": true,
      "wasm": "wasm",
      "enabelWebGL2": "off",
      "__version__": "1.0.2"
    }
  }
}
