{
  "__type__": "cc.SpriteFrame",
  "content": {
    "name": "player_09",
    "atlas": "",
    "rect": {
      "x": 8,
      "y": 7,
      "width": 22,
      "height": 40
    },
    "offset": {
      "x": -1,
      "y": -2
    },
    "originalSize": {
      "width": 40,
      "height": 50
    },
    "rotated": false,
    "capInsets": [
      0,
      0,
      0,
      0
    ],
    "vertices": {
      "rawPosition": [
        -11,
        -20,
        0,
        11,
        -20,
        0,
        -11,
        20,
        0,
        11,
        20,
        0
      ],
      "indexes": [
        0,
        1,
        2,
        2,
        1,
        3
      ],
      "uv": [
        8,
        43,
        30,
        43,
        8,
        3,
        30,
        3
      ],
      "nuv": [
        0.2,
        0.06,
        0.75,
        0.06,
        0.2,
        0.86,
        0.75,
        0.86
      ],
      "minPos": {
        "x": -11,
        "y": -20,
        "z": 0
      },
      "maxPos": {
        "x": 11,
        "y": 20,
        "z": 0
      }
    },
    "texture": "d78fdfc6-abd6-49a4-89d1-ea08fc68b2ca@6c48a",
    "packable": true,
    "pixelsToUnit": 100,
    "pivot": {
      "x": 0.5,
      "y": 0.5
    },
    "meshType": 0
  }
}