[
  {
    "__type__": "cc.Prefab",
    "_name": "floor2_01",
    "_objFlags": 0,
    "_native": "",
    "data": {
      "__id__": 1
    },
    "optimizationPolicy": 0,
    "persistent": false,
    "asyncLoadAssets": false
  },
  {
    "__type__": "cc.Node",
    "_name": "floor2_01",
    "_objFlags": 0,
    "__editorExtras__": {},
    "_parent": null,
    "_children": [],
    "_active": true,
    "_components": [
      {
        "__id__": 2
      },
      {
        "__id__": 4
      },
      {
        "__id__": 6
      },
      {
        "__id__": 8
      },
      {
        "__id__": 10
      },
      {
        "__id__": 12
      }
    ],
    "_prefab": {
      "__id__": 14
    },
    "_lpos": {
      "__type__": "cc.Vec3",
      "x": 301.834,
      "y": -17.477,
      "z": 0
    },
    "_lrot": {
      "__type__": "cc.Quat",
      "x": 0,
      "y": 0,
      "z": 0,
      "w": 1
    },
    "_lscale": {
      "__type__": "cc.Vec3",
      "x": 1,
      "y": 1,
      "z": 1
    },
    "_layer": 33554432,
    "_euler": {
      "__type__": "cc.Vec3",
      "x": 0,
      "y": 0,
      "z": 0
    },
    "_id": ""
  },
  {
    "__type__": "cc.UITransform",
    "_name": "",
    "_objFlags": 0,
    "node": {
      "__id__": 1
    },
    "_enabled": true,
    "__prefab": {
      "__id__": 3
    },
    "_contentSize": {
      "__type__": "cc.Size",
      "width": 200,
      "height": 40
    },
    "_anchorPoint": {
      "__type__": "cc.Vec2",
      "x": 0.5,
      "y": 0.5
    },
    "_id": ""
  },
  {
    "__type__": "cc.CompPrefabInfo",
    "fileId": "9ebzrqZuNK75uNr2kwpEVt"
  },
  {
    "__type__": "cc.Sprite",
    "_name": "",
    "_objFlags": 0,
    "node": {
      "__id__": 1
    },
    "_enabled": true,
    "__prefab": {
      "__id__": 5
    },
    "_customMaterial": null,
    "_srcBlendFactor": 2,
    "_dstBlendFactor": 4,
    "_color": {
      "__type__": "cc.Color",
      "r": 255,
      "g": 255,
      "b": 255,
      "a": 255
    },
    "_spriteFrame": {
      "__uuid__": "60460a36-16ea-4afa-bc23-4f50e2084822@f9941",
      "__expectedType__": "cc.SpriteFrame"
    },
    "_type": 0,
    "_fillType": 0,
    "_sizeMode": 0,
    "_fillCenter": {
      "__type__": "cc.Vec2",
      "x": 0,
      "y": 0
    },
    "_fillStart": 0,
    "_fillRange": 0,
    "_isTrimmedMode": true,
    "_useGrayscale": false,
    "_atlas": null,
    "_id": ""
  },
  {
    "__type__": "cc.CompPrefabInfo",
    "fileId": "40iUk50ypPxrwVOd5WNd7d"
  },
  {
    "__type__": "cc.Animation",
    "_name": "",
    "_objFlags": 0,
    "node": {
      "__id__": 1
    },
    "_enabled": true,
    "__prefab": {
      "__id__": 7
    },
    "playOnLoad": false,
    "_clips": [
      {
        "__uuid__": "7e41c466-3427-4223-91b2-7ecbc7a6efd0",
        "__expectedType__": "cc.AnimationClip"
      }
    ],
    "_defaultClip": {
      "__uuid__": "7e41c466-3427-4223-91b2-7ecbc7a6efd0",
      "__expectedType__": "cc.AnimationClip"
    },
    "_id": ""
  },
  {
    "__type__": "cc.CompPrefabInfo",
    "fileId": "c87RGkjzFLqKK2E6pZzOtt"
  },
  {
    "__type__": "588ddCkzwJOKpm8EDXneJJc",
    "_name": "",
    "_objFlags": 0,
    "node": {
      "__id__": 1
    },
    "_enabled": true,
    "__prefab": {
      "__id__": 9
    },
    "_id": ""
  },
  {
    "__type__": "cc.CompPrefabInfo",
    "fileId": "e8HVUkQbZPrIuwAHyRi37m"
  },
  {
    "__type__": "cc.RigidBody2D",
    "_name": "",
    "_objFlags": 0,
    "node": {
      "__id__": 1
    },
    "_enabled": true,
    "__prefab": {
      "__id__": 11
    },
    "enabledContactListener": true,
    "bullet": false,
    "awakeOnLoad": true,
    "_group": 1,
    "_type": 0,
    "_allowSleep": true,
    "_gravityScale": 1,
    "_linearDamping": 0,
    "_angularDamping": 0,
    "_linearVelocity": {
      "__type__": "cc.Vec2",
      "x": 0,
      "y": 0
    },
    "_angularVelocity": 0,
    "_fixedRotation": false,
    "_id": ""
  },
  {
    "__type__": "cc.CompPrefabInfo",
    "fileId": "d0suHn4LdHcZImOs8IUlyZ"
  },
  {
    "__type__": "cc.BoxCollider2D",
    "_name": "",
    "_objFlags": 0,
    "node": {
      "__id__": 1
    },
    "_enabled": true,
    "__prefab": {
      "__id__": 13
    },
    "tag": 0,
    "_group": 1,
    "_density": 1,
    "_sensor": false,
    "_friction": 0.2,
    "_restitution": 0,
    "_offset": {
      "__type__": "cc.Vec2",
      "x": 0,
      "y": 0
    },
    "_size": {
      "__type__": "cc.Size",
      "width": 200,
      "height": 30
    },
    "_id": ""
  },
  {
    "__type__": "cc.CompPrefabInfo",
    "fileId": "02Ivs7s2dO0qnXTmJB5B8R"
  },
  {
    "__type__": "cc.PrefabInfo",
    "root": {
      "__id__": 1
    },
    "asset": {
      "__id__": 0
    },
    "fileId": "7cnva+VddMl4zYcTFfZsb3"
  }
]