{
  "__type__": "cc.SpriteFrame",
  "content": {
    "name": "1669429484_839123",
    "atlas": "",
    "rect": {
      "x": 0,
      "y": 0,
      "width": 804,
      "height": 90
    },
    "offset": {
      "x": 0,
      "y": 0
    },
    "originalSize": {
      "width": 804,
      "height": 90
    },
    "rotated": false,
    "capInsets": [
      0,
      0,
      0,
      0
    ],
    "vertices": {
      "rawPosition": [
        -402,
        -45,
        0,
        402,
        -45,
        0,
        -402,
        45,
        0,
        402,
        45,
        0
      ],
      "indexes": [
        0,
        1,
        2,
        2,
        1,
        3
      ],
      "uv": [
        0,
        90,
        804,
        90,
        0,
        0,
        804,
        0
      ],
      "nuv": [
        0,
        0,
        1,
        0,
        0,
        1,
        1,
        1
      ],
      "minPos": {
        "x": -402,
        "y": -45,
        "z": 0
      },
      "maxPos": {
        "x": 402,
        "y": 45,
        "z": 0
      }
    },
    "texture": "c521490b-d137-4c0f-b7cd-a4c04f752080@6c48a",
    "packable": true,
    "pixelsToUnit": 100,
    "pivot": {
      "x": 0.5,
      "y": 0.5
    },
    "meshType": 0
  }
}