{
  "__type__": "cc.SpriteFrame",
  "content": {
    "name": "back",
    "atlas": "",
    "rect": {
      "x": 0,
      "y": 0,
      "width": 320,
      "height": 504
    },
    "offset": {
      "x": 0,
      "y": 0
    },
    "originalSize": {
      "width": 320,
      "height": 504
    },
    "rotated": false,
    "capInsets": [
      0,
      0,
      0,
      0
    ],
    "vertices": {
      "rawPosition": [
        -160,
        -252,
        0,
        160,
        -252,
        0,
        -160,
        252,
        0,
        160,
        252,
        0
      ],
      "indexes": [
        0,
        1,
        2,
        2,
        1,
        3
      ],
      "uv": [
        0,
        504,
        320,
        504,
        0,
        0,
        320,
        0
      ],
      "nuv": [
        0,
        0,
        1,
        0,
        0,
        1,
        1,
        1
      ],
      "minPos": {
        "x": -160,
        "y": -252,
        "z": 0
      },
      "maxPos": {
        "x": 160,
        "y": 252,
        "z": 0
      }
    },
    "texture": "ec0f22d6-ce05-437e-9803-a59d71372578@6c48a",
    "packable": true,
    "pixelsToUnit": 100,
    "pivot": {
      "x": 0.5,
      "y": 0.5
    },
    "meshType": 0
  }
}