[
  {
    "__type__": "cc.AnimationClip",
    "_name": "floor1",
    "_objFlags": 0,
    "__editorExtras__": {
      "embeddedPlayerGroups": []
    },
    "_native": "",
    "sample": 60,
    "speed": 0.05,
    "wrapMode": 1,
    "enableTrsBlending": false,
    "_duration": 0.11666666666666667,
    "_hash": 500763545,
    "_tracks": [
      {
        "__id__": 1
      }
    ],
    "_exoticAnimation": null,
    "_events": [],
    "_embeddedPlayers": []
  },
  {
    "__type__": "cc.animation.ObjectTrack",
    "_binding": {
      "__type__": "cc.animation.TrackBinding",
      "path": {
        "__id__": 2
      }
    },
    "_channel": {
      "__id__": 4
    }
  },
  {
    "__type__": "cc.animation.TrackPath",
    "_paths": [
      {
        "__id__": 3
      },
      "spriteFrame"
    ]
  },
  {
    "__type__": "cc.animation.ComponentPath",
    "component": "cc.Sprite"
  },
  {
    "__type__": "cc.animation.Channel",
    "_curve": {
      "__id__": 5
    }
  },
  {
    "__type__": "cc.ObjectCurve",
    "_times": [
      0.016666666666666666,
      0.1
    ],
    "_values": [
      {
        "__uuid__": "a8b48009-b815-49c9-865a-3b4422404b45@f9941",
        "__expectedType__": "cc.SpriteFrame"
      },
      {
        "__uuid__": "30837a1e-f3ee-4162-93fc-b5fa2b7a52e2@f9941",
        "__expectedType__": "cc.SpriteFrame"
      }
    ]
  }
]