{
  "__type__": "cc.SpriteFrame",
  "content": {
    "name": "player_10",
    "atlas": "",
    "rect": {
      "x": 4,
      "y": 7,
      "width": 34,
      "height": 39
    },
    "offset": {
      "x": 1,
      "y": -1.5
    },
    "originalSize": {
      "width": 40,
      "height": 50
    },
    "rotated": false,
    "capInsets": [
      0,
      0,
      0,
      0
    ],
    "vertices": {
      "rawPosition": [
        -17,
        -19.5,
        0,
        17,
        -19.5,
        0,
        -17,
        19.5,
        0,
        17,
        19.5,
        0
      ],
      "indexes": [
        0,
        1,
        2,
        2,
        1,
        3
      ],
      "uv": [
        4,
        43,
        38,
        43,
        4,
        4,
        38,
        4
      ],
      "nuv": [
        0.1,
        0.08,
        0.95,
        0.08,
        0.1,
        0.86,
        0.95,
        0.86
      ],
      "minPos": {
        "x": -17,
        "y": -19.5,
        "z": 0
      },
      "maxPos": {
        "x": 17,
        "y": 19.5,
        "z": 0
      }
    },
    "texture": "51ebc2ae-1175-4958-9faa-1aa3c31f90cc@6c48a",
    "packable": true,
    "pixelsToUnit": 100,
    "pivot": {
      "x": 0.5,
      "y": 0.5
    },
    "meshType": 0
  }
}