{
  "__type__": "cc.SpriteFrame",
  "content": {
    "name": "player_07",
    "atlas": "",
    "rect": {
      "x": 1,
      "y": 8,
      "width": 38,
      "height": 40
    },
    "offset": {
      "x": 0,
      "y": -3
    },
    "originalSize": {
      "width": 40,
      "height": 50
    },
    "rotated": false,
    "capInsets": [
      0,
      0,
      0,
      0
    ],
    "vertices": {
      "rawPosition": [
        -19,
        -20,
        0,
        19,
        -20,
        0,
        -19,
        20,
        0,
        19,
        20,
        0
      ],
      "indexes": [
        0,
        1,
        2,
        2,
        1,
        3
      ],
      "uv": [
        1,
        42,
        39,
        42,
        1,
        2,
        39,
        2
      ],
      "nuv": [
        0.025,
        0.04,
        0.975,
        0.04,
        0.025,
        0.84,
        0.975,
        0.84
      ],
      "minPos": {
        "x": -19,
        "y": -20,
        "z": 0
      },
      "maxPos": {
        "x": 19,
        "y": 20,
        "z": 0
      }
    },
    "texture": "b21a579b-ba18-4fe9-aad8-571ee4c7d4fa@6c48a",
    "packable": true,
    "pixelsToUnit": 100,
    "pivot": {
      "x": 0.5,
      "y": 0.5
    },
    "meshType": 0
  }
}