{
  "__type__": "cc.SpriteFrame",
  "content": {
    "name": "player_04",
    "atlas": "",
    "rect": {
      "x": 4,
      "y": 9,
      "width": 27,
      "height": 40
    },
    "offset": {
      "x": -2.5,
      "y": -4
    },
    "originalSize": {
      "width": 40,
      "height": 50
    },
    "rotated": false,
    "capInsets": [
      0,
      0,
      0,
      0
    ],
    "vertices": {
      "rawPosition": [
        -13.5,
        -20,
        0,
        13.5,
        -20,
        0,
        -13.5,
        20,
        0,
        13.5,
        20,
        0
      ],
      "indexes": [
        0,
        1,
        2,
        2,
        1,
        3
      ],
      "uv": [
        4,
        41,
        31,
        41,
        4,
        1,
        31,
        1
      ],
      "nuv": [
        0.1,
        0.02,
        0.775,
        0.02,
        0.1,
        0.82,
        0.775,
        0.82
      ],
      "minPos": {
        "x": -13.5,
        "y": -20,
        "z": 0
      },
      "maxPos": {
        "x": 13.5,
        "y": 20,
        "z": 0
      }
    },
    "texture": "ff1a9856-d805-4c88-95bd-5ac7ca7e9656@6c48a",
    "packable": true,
    "pixelsToUnit": 100,
    "pivot": {
      "x": 0.5,
      "y": 0.5
    },
    "meshType": 0
  }
}