{
  "__type__": "cc.SpriteFrame",
  "content": {
    "name": "player_05",
    "atlas": "",
    "rect": {
      "x": 12,
      "y": 9,
      "width": 19,
      "height": 40
    },
    "offset": {
      "x": 1.5,
      "y": -4
    },
    "originalSize": {
      "width": 40,
      "height": 50
    },
    "rotated": false,
    "capInsets": [
      0,
      0,
      0,
      0
    ],
    "vertices": {
      "rawPosition": [
        -9.5,
        -20,
        0,
        9.5,
        -20,
        0,
        -9.5,
        20,
        0,
        9.5,
        20,
        0
      ],
      "indexes": [
        0,
        1,
        2,
        2,
        1,
        3
      ],
      "uv": [
        12,
        41,
        31,
        41,
        12,
        1,
        31,
        1
      ],
      "nuv": [
        0.3,
        0.02,
        0.775,
        0.02,
        0.3,
        0.82,
        0.775,
        0.82
      ],
      "minPos": {
        "x": -9.5,
        "y": -20,
        "z": 0
      },
      "maxPos": {
        "x": 9.5,
        "y": 20,
        "z": 0
      }
    },
    "texture": "3be8f24d-1635-4425-93e6-3c9709680c34@6c48a",
    "packable": true,
    "pixelsToUnit": 100,
    "pivot": {
      "x": 0.5,
      "y": 0.5
    },
    "meshType": 0
  }
}