{
  "__type__": "cc.SpriteFrame",
  "content": {
    "name": "floor0",
    "atlas": "",
    "rect": {
      "x": 1,
      "y": 1,
      "width": 98,
      "height": 18
    },
    "offset": {
      "x": 0,
      "y": 0
    },
    "originalSize": {
      "width": 100,
      "height": 20
    },
    "rotated": false,
    "capInsets": [
      0,
      0,
      0,
      0
    ],
    "vertices": {
      "rawPosition": [
        -49,
        -9,
        0,
        49,
        -9,
        0,
        -49,
        9,
        0,
        49,
        9,
        0
      ],
      "indexes": [
        0,
        1,
        2,
        2,
        1,
        3
      ],
      "uv": [
        1,
        19,
        99,
        19,
        1,
        1,
        99,
        1
      ],
      "nuv": [
        0.01,
        0.05,
        0.99,
        0.05,
        0.01,
        0.95,
        0.99,
        0.95
      ],
      "minPos": {
        "x": -49,
        "y": -9,
        "z": 0
      },
      "maxPos": {
        "x": 49,
        "y": 9,
        "z": 0
      }
    },
    "texture": "9642288f-457b-4ed8-801e-4b415333a2fa@6c48a",
    "packable": true,
    "pixelsToUnit": 100,
    "pivot": {
      "x": 0.5,
      "y": 0.5
    },
    "meshType": 0
  }
}