{
  "__type__": "cc.SpriteFrame",
  "content": {
    "name": "player_08",
    "atlas": "",
    "rect": {
      "x": 6,
      "y": 8,
      "width": 28,
      "height": 39
    },
    "offset": {
      "x": 0,
      "y": -2.5
    },
    "originalSize": {
      "width": 40,
      "height": 50
    },
    "rotated": false,
    "capInsets": [
      0,
      0,
      0,
      0
    ],
    "vertices": {
      "rawPosition": [
        -14,
        -19.5,
        0,
        14,
        -19.5,
        0,
        -14,
        19.5,
        0,
        14,
        19.5,
        0
      ],
      "indexes": [
        0,
        1,
        2,
        2,
        1,
        3
      ],
      "uv": [
        6,
        42,
        34,
        42,
        6,
        3,
        34,
        3
      ],
      "nuv": [
        0.15,
        0.06,
        0.85,
        0.06,
        0.15,
        0.84,
        0.85,
        0.84
      ],
      "minPos": {
        "x": -14,
        "y": -19.5,
        "z": 0
      },
      "maxPos": {
        "x": 14,
        "y": 19.5,
        "z": 0
      }
    },
    "texture": "d239cefe-6bf9-4a0f-b490-4be08f459fc9@6c48a",
    "packable": true,
    "pixelsToUnit": 100,
    "pivot": {
      "x": 0.5,
      "y": 0.5
    },
    "meshType": 0
  }
}