{
  "__type__": "cc.SpriteFrame",
  "content": {
    "name": "APimg[106]",
    "atlas": "",
    "rect": {
      "x": 0,
      "y": 0,
      "width": 21,
      "height": 62
    },
    "offset": {
      "x": 0,
      "y": 0
    },
    "originalSize": {
      "width": 21,
      "height": 62
    },
    "rotated": false,
    "capInsets": [
      0,
      0,
      0,
      0
    ],
    "vertices": {
      "rawPosition": [
        -10.5,
        -31,
        0,
        10.5,
        -31,
        0,
        -10.5,
        31,
        0,
        10.5,
        31,
        0
      ],
      "indexes": [
        0,
        1,
        2,
        2,
        1,
        3
      ],
      "uv": [
        0,
        62,
        21,
        62,
        0,
        0,
        21,
        0
      ],
      "nuv": [
        0,
        0,
        1,
        0,
        0,
        1,
        1,
        1
      ],
      "minPos": {
        "x": -10.5,
        "y": -31,
        "z": 0
      },
      "maxPos": {
        "x": 10.5,
        "y": 31,
        "z": 0
      }
    },
    "texture": "b6e44f1a-9c09-4b44-9be1-43e9dc212abf@6c48a",
    "packable": true,
    "pixelsToUnit": 100,
    "pivot": {
      "x": 0.5,
      "y": 0.5
    },
    "meshType": 0
  }
}