{
  "__type__": "cc.SpriteFrame",
  "content": {
    "name": "player_14",
    "atlas": "",
    "rect": {
      "x": 0,
      "y": 7,
      "width": 39,
      "height": 41
    },
    "offset": {
      "x": -0.5,
      "y": -2.5
    },
    "originalSize": {
      "width": 40,
      "height": 50
    },
    "rotated": false,
    "capInsets": [
      0,
      0,
      0,
      0
    ],
    "vertices": {
      "rawPosition": [
        -19.5,
        -20.5,
        0,
        19.5,
        -20.5,
        0,
        -19.5,
        20.5,
        0,
        19.5,
        20.5,
        0
      ],
      "indexes": [
        0,
        1,
        2,
        2,
        1,
        3
      ],
      "uv": [
        0,
        43,
        39,
        43,
        0,
        2,
        39,
        2
      ],
      "nuv": [
        0,
        0.04,
        0.975,
        0.04,
        0,
        0.86,
        0.975,
        0.86
      ],
      "minPos": {
        "x": -19.5,
        "y": -20.5,
        "z": 0
      },
      "maxPos": {
        "x": 19.5,
        "y": 20.5,
        "z": 0
      }
    },
    "texture": "e38a8b8f-8ab1-40ff-909c-bd39b77f909a@6c48a",
    "packable": true,
    "pixelsToUnit": 100,
    "pivot": {
      "x": 0.5,
      "y": 0.5
    },
    "meshType": 0
  }
}