{
  "C:\\ruanjian\\CocosDashboard\\xm\\xialou\\assets\\game.scene.meta": {
    "time": 1668918908678.9949
  },
  "C:\\ruanjian\\CocosDashboard\\xm\\xialou\\assets\\game.scene": {
    "time": 1669446136606.5574,
    "uuid": "1f076381-0b3c-43bf-895f-41501575d4a2",
    "missing": false
  },
  "C:\\ruanjian\\CocosDashboard\\xm\\xialou\\assets\\imag.meta": {
    "time": 1668918977221.0435
  },
  "C:\\ruanjian\\CocosDashboard\\xm\\xialou\\assets\\imag": {
    "time": 1669435301271.3093,
    "uuid": "ea208d15-e4cf-4e63-805c-e0889014f25b",
    "missing": false
  },
  "C:\\ruanjian\\CocosDashboard\\xm\\xialou\\assets\\imag\\back.png.meta": {
    "time": 1668918983280.2195
  },
  "C:\\ruanjian\\CocosDashboard\\xm\\xialou\\assets\\imag\\back.png": {
    "time": 1668916347536.328,
    "uuid": "ec0f22d6-ce05-437e-9803-a59d71372578",
    "missing": false
  },
  "C:\\ruanjian\\CocosDashboard\\xm\\xialou\\assets\\jiaoben.meta": {
    "time": 1668919662571.4324
  },
  "C:\\ruanjian\\CocosDashboard\\xm\\xialou\\assets\\jiaoben": {
    "time": 1669444533193.329,
    "uuid": "a5522fde-8e40-4ef3-a4f8-7f5f86f04003",
    "missing": false
  },
  "C:\\ruanjian\\CocosDashboard\\xm\\xialou\\assets\\jiaoben\\bggd.ts.meta": {
    "time": 1668919684171.4514
  },
  "C:\\ruanjian\\CocosDashboard\\xm\\xialou\\assets\\jiaoben\\bggd.ts": {
    "time": 1669446133096.4583,
    "uuid": "b7a8a6b2-873c-4c23-b2bc-957e7de2d6dd",
    "missing": false
  },
  "C:\\ruanjian\\CocosDashboard\\xm\\xialou\\assets\\imag\\floor0.png.meta": {
    "time": 1668923063745.497
  },
  "C:\\ruanjian\\CocosDashboard\\xm\\xialou\\assets\\imag\\floor0.png": {
    "time": 1668916347552.1025,
    "uuid": "9642288f-457b-4ed8-801e-4b415333a2fa",
    "missing": false
  },
  "C:\\ruanjian\\CocosDashboard\\xm\\xialou\\assets\\imag\\player.png.meta": {
    "time": 1668923197167.9275
  },
  "C:\\ruanjian\\CocosDashboard\\xm\\xialou\\assets\\imag\\player.png": {
    "time": 1668916347623.6436,
    "uuid": "8afc2968-fea7-465a-95f5-64850fec9938",
    "missing": false
  },
  "C:\\ruanjian\\CocosDashboard\\xm\\xialou\\assets\\imag\\Common.png.meta": {
    "time": 1668923258048.7185
  },
  "C:\\ruanjian\\CocosDashboard\\xm\\xialou\\assets\\imag\\ue.png.meta": {
    "time": 1668923258060.9746
  },
  "C:\\ruanjian\\CocosDashboard\\xm\\xialou\\assets\\imag\\floor3.png.meta": {
    "time": 1668923258130.2273
  },
  "C:\\ruanjian\\CocosDashboard\\xm\\xialou\\assets\\imag\\heart.png.meta": {
    "time": 1668923258149.882
  },
  "C:\\ruanjian\\CocosDashboard\\xm\\xialou\\assets\\imag\\Common.png": {
    "time": 1668916347522.3286,
    "uuid": "41310db4-37a4-424c-b1a0-6d3045e3d145",
    "missing": false
  },
  "C:\\ruanjian\\CocosDashboard\\xm\\xialou\\assets\\imag\\ue.png": {
    "time": 1668916347635.7317,
    "uuid": "7d785bd7-51a8-4926-9cea-af9bc4d71697",
    "missing": false
  },
  "C:\\ruanjian\\CocosDashboard\\xm\\xialou\\assets\\imag\\floor3.png": {
    "time": 1668916347589.6929,
    "uuid": "d9729446-fff4-41a3-a217-fc5cbcdd263d",
    "missing": false
  },
  "C:\\ruanjian\\CocosDashboard\\xm\\xialou\\assets\\imag\\heart.png": {
    "time": 1668916347612.0608,
    "uuid": "1b3c6a1e-b387-41f9-8d14-900e79df7f94",
    "missing": false
  },
  "C:\\ruanjian\\CocosDashboard\\xm\\xialou\\assets\\imag\\独球(duqiu)_爱给网_aigei_com.png.meta": {
    "time": 1668923275757.3477
  },
  "C:\\ruanjian\\CocosDashboard\\xm\\xialou\\assets\\imag\\独球(duqiu)_爱给网_aigei_com.png": {
    "time": 1668518563761.3293,
    "uuid": "23f6c8d1-89aa-448d-9bb4-63a9cdbc547d",
    "missing": false
  },
  "C:\\ruanjian\\CocosDashboard\\xm\\xialou\\assets\\prefab.meta": {
    "time": 1668924801931.1157
  },
  "C:\\ruanjian\\CocosDashboard\\xm\\xialou\\assets\\prefab": {
    "time": 1669435994047.9724,
    "uuid": "cdd20b79-4a69-41c1-9409-121782c0ec8a",
    "missing": false
  },
  "C:\\ruanjian\\CocosDashboard\\xm\\xialou\\assets\\prefab\\floor0.prefab.meta": {
    "time": 1668924810870.515
  },
  "C:\\ruanjian\\CocosDashboard\\xm\\xialou\\assets\\prefab\\floor0.prefab": {
    "time": 1668924810869.0093,
    "uuid": "0078de6c-afce-4d42-9ec0-1aedd2f47565",
    "missing": false
  },
  "C:\\ruanjian\\CocosDashboard\\xm\\xialou\\assets\\jiaoben\\main.ts.meta": {
    "time": 1668924846360.4841
  },
  "C:\\ruanjian\\CocosDashboard\\xm\\xialou\\assets\\jiaoben\\main.ts": {
    "time": 1669444763756.1326,
    "uuid": "3d786d5c-ac03-4020-bfea-34fcd16c5471",
    "missing": false
  },
  "C:\\ruanjian\\CocosDashboard\\xm\\xialou\\assets\\animation.meta": {
    "time": 1668935272842.6326
  },
  "C:\\ruanjian\\CocosDashboard\\xm\\xialou\\assets\\animation": {
    "time": 1669435463832.601,
    "uuid": "0584d23b-18bb-4b2b-9af5-54e8af0060a6",
    "missing": false
  },
  "C:\\ruanjian\\CocosDashboard\\xm\\xialou\\assets\\imag\\APimg[106].png.meta": {
    "time": 1668935983263.765
  },
  "C:\\ruanjian\\CocosDashboard\\xm\\xialou\\assets\\imag\\APimg[106].png": {
    "time": 1668935879244.3574,
    "uuid": "b6e44f1a-9c09-4b44-9be1-43e9dc212abf",
    "missing": false
  },
  "C:\\ruanjian\\CocosDashboard\\xm\\xialou\\assets\\imag\\floor2_02.png.meta": {
    "time": 1669036162476.577
  },
  "C:\\ruanjian\\CocosDashboard\\xm\\xialou\\assets\\imag\\floor2_01.png.meta": {
    "time": 1669036162489.6655
  },
  "C:\\ruanjian\\CocosDashboard\\xm\\xialou\\assets\\imag\\floor2_02.png": {
    "time": 1669036100991.0063,
    "uuid": "8893af23-33bc-4729-9644-02e4566bfc41",
    "missing": false
  },
  "C:\\ruanjian\\CocosDashboard\\xm\\xialou\\assets\\imag\\floor2_01.png": {
    "time": 1669036100985.0813,
    "uuid": "60460a36-16ea-4afa-bc23-4f50e2084822",
    "missing": false
  },
  "C:\\ruanjian\\CocosDashboard\\xm\\xialou\\assets\\animation\\floor2.anim.meta": {
    "time": 1669036199810.8857
  },
  "C:\\ruanjian\\CocosDashboard\\xm\\xialou\\assets\\animation\\floor2.anim": {
    "time": 1669121926202.2634,
    "uuid": "7e41c466-3427-4223-91b2-7ecbc7a6efd0",
    "missing": false
  },
  "C:\\ruanjian\\CocosDashboard\\xm\\xialou\\assets\\jiaoben\\floor2.ts.meta": {
    "time": 1669037123301.021
  },
  "C:\\ruanjian\\CocosDashboard\\xm\\xialou\\assets\\jiaoben\\floor2.ts": {
    "time": 1669531240780.9507,
    "uuid": "588dd0a4-cf02-4e2a-99bc-1035e778925c",
    "missing": false
  },
  "C:\\ruanjian\\CocosDashboard\\xm\\xialou\\assets\\prefab\\floor2_01.prefab.meta": {
    "time": 1669122377595.6726
  },
  "C:\\ruanjian\\CocosDashboard\\xm\\xialou\\assets\\prefab\\floor2_01.prefab": {
    "time": 1669203775856.2302,
    "uuid": "ae62432d-0636-4fba-90f2-d0350ab5057b",
    "missing": false
  },
  "C:\\ruanjian\\CocosDashboard\\xm\\xialou\\assets\\imag\\floor4_02.png.meta": {
    "time": 1669203686678.2627
  },
  "C:\\ruanjian\\CocosDashboard\\xm\\xialou\\assets\\imag\\floor4_01.png.meta": {
    "time": 1669203686690.4658
  },
  "C:\\ruanjian\\CocosDashboard\\xm\\xialou\\assets\\imag\\floor4_02.png": {
    "time": 1669203564298.6653,
    "uuid": "82e48721-a122-4675-bb47-41684460c172",
    "missing": false
  },
  "C:\\ruanjian\\CocosDashboard\\xm\\xialou\\assets\\imag\\floor4_01.png": {
    "time": 1669203564297.1602,
    "uuid": "1204b14c-2ab1-47c5-8a4a-cfae9eb22f42",
    "missing": false
  },
  "C:\\ruanjian\\CocosDashboard\\xm\\xialou\\assets\\jiaoben\\floor4_1.ts.meta": {
    "time": 1669203839056.4644
  },
  "C:\\ruanjian\\CocosDashboard\\xm\\xialou\\assets\\jiaoben\\floor4_1.ts": {
    "time": 1669208259846.7354,
    "uuid": "646f3e2c-aa58-4526-beb3-50c803943466",
    "missing": false
  },
  "C:\\ruanjian\\CocosDashboard\\xm\\xialou\\assets\\jiaoben\\floor4_2.ts.meta": {
    "time": 1669203852349.8164
  },
  "C:\\ruanjian\\CocosDashboard\\xm\\xialou\\assets\\jiaoben\\floor4_2.ts": {
    "time": 1669208282215.686,
    "uuid": "8386159f-31e8-4262-832c-a12c2bb44013",
    "missing": false
  },
  "C:\\ruanjian\\CocosDashboard\\xm\\xialou\\assets\\prefab\\floor4_02.prefab.meta": {
    "time": 1669206085123.8118
  },
  "C:\\ruanjian\\CocosDashboard\\xm\\xialou\\assets\\prefab\\floor4_02.prefab": {
    "time": 1669206085118.2935,
    "uuid": "398c0f99-2110-4d3d-9ade-cb1153120c3c",
    "missing": false
  },
  "C:\\ruanjian\\CocosDashboard\\xm\\xialou\\assets\\prefab\\floor4_01.prefab.meta": {
    "time": 1669206089415.971
  },
  "C:\\ruanjian\\CocosDashboard\\xm\\xialou\\assets\\prefab\\floor4_01.prefab": {
    "time": 1669206089414.4507,
    "uuid": "6d44a0d0-d44c-4216-a4f3-077b4e2cb808",
    "missing": false
  },
  "C:\\ruanjian\\CocosDashboard\\xm\\xialou\\assets\\jiaoben\\score.ts.meta": {
    "time": 1669206364615.4443
  },
  "C:\\ruanjian\\CocosDashboard\\xm\\xialou\\assets\\jiaoben\\score.ts": {
    "time": 1669533005603.0935,
    "uuid": "661357e5-eed9-4269-b150-efd9c30e17c3",
    "missing": false
  },
  "C:\\ruanjian\\CocosDashboard\\xm\\xialou\\assets\\jiaoben\\muban.ts.meta": {
    "time": 1668923396035.3713
  },
  "C:\\ruanjian\\CocosDashboard\\xm\\xialou\\assets\\jiaoben\\muban.ts": {
    "time": 1669440635987.0964,
    "uuid": "10d94623-8e51-4bef-b4ee-db6efff46fdc",
    "missing": false
  },
  "C:\\ruanjian\\CocosDashboard\\xm\\xialou\\assets\\jiaoben\\restart.ts.meta": {
    "time": 1669293711578.8926
  },
  "C:\\ruanjian\\CocosDashboard\\xm\\xialou\\assets\\jiaoben\\restart.ts": {
    "time": 1669441973803.3794,
    "uuid": "9dd21c01-0e53-4d7b-8e65-574331850560",
    "missing": false
  },
  "C:\\ruanjian\\CocosDashboard\\xm\\xialou\\assets\\prefab\\alert.prefab.meta": {
    "time": 1669294616998.2285
  },
  "C:\\ruanjian\\CocosDashboard\\xm\\xialou\\assets\\prefab\\alert.prefab": {
    "time": 1669442651607.8198,
    "uuid": "19e9bd8c-3f4d-45e0-8176-c8f4b08891bb",
    "missing": false
  },
  "C:\\ruanjian\\CocosDashboard\\xm\\xialou\\assets\\start.scene.meta": {
    "time": 1669429138477.9255
  },
  "C:\\ruanjian\\CocosDashboard\\xm\\xialou\\assets\\start.scene": {
    "time": 1669442683604.8755,
    "uuid": "99cda081-71b2-490f-8145-e5e82f74c5cd",
    "missing": false
  },
  "C:\\ruanjian\\CocosDashboard\\xm\\xialou\\assets\\jiaoben\\startgame.ts.meta": {
    "time": 1669429791114.9346
  },
  "C:\\ruanjian\\CocosDashboard\\xm\\xialou\\assets\\jiaoben\\startgame.ts": {
    "time": 1669442770010.963,
    "uuid": "616e77af-7c29-4f6f-9a6a-e2286846bd59",
    "missing": false
  },
  "C:\\ruanjian\\CocosDashboard\\xm\\xialou\\assets\\imag\\1669429484_839123.png.meta": {
    "time": 1669431468387.2146
  },
  "C:\\ruanjian\\CocosDashboard\\xm\\xialou\\assets\\imag\\1669429484_839123.png": {
    "time": 1669431419293.7993,
    "uuid": "c521490b-d137-4c0f-b7cd-a4c04f752080",
    "missing": false
  },
  "C:\\ruanjian\\CocosDashboard\\xm\\xialou\\assets\\jiaoben\\backsuofang.ts.meta": {
    "time": 1669431622451.4539
  },
  "C:\\ruanjian\\CocosDashboard\\xm\\xialou\\assets\\jiaoben\\backsuofang.ts": {
    "time": 1669432733116.1875,
    "uuid": "c2988f43-5f3a-4cea-9b86-06d789428204",
    "missing": false
  },
  "C:\\ruanjian\\CocosDashboard\\xm\\xialou\\assets\\jiaoben\\floor3.ts.meta": {
    "time": 1669433562909.9546
  },
  "C:\\ruanjian\\CocosDashboard\\xm\\xialou\\assets\\jiaoben\\floor3.ts": {
    "time": 1669440413945.6863,
    "uuid": "d7c52063-1c66-429e-b2bf-9260345694a1",
    "missing": false
  },
  "C:\\ruanjian\\CocosDashboard\\xm\\xialou\\assets\\prefab\\floor3.prefab.meta": {
    "time": 1669434927370.826
  },
  "C:\\ruanjian\\CocosDashboard\\xm\\xialou\\assets\\prefab\\floor3.prefab": {
    "time": 1669434927369.8184,
    "uuid": "6b39372b-64da-49ab-9bf8-98884a0d7f52",
    "missing": false
  },
  "C:\\ruanjian\\CocosDashboard\\xm\\xialou\\assets\\imag\\floor1_02.png.meta": {
    "time": 1669435273809.359
  },
  "C:\\ruanjian\\CocosDashboard\\xm\\xialou\\assets\\imag\\floor1_02.png": {
    "time": 1669435245849.3567,
    "uuid": "30837a1e-f3ee-4162-93fc-b5fa2b7a52e2",
    "missing": false
  },
  "C:\\ruanjian\\CocosDashboard\\xm\\xialou\\assets\\imag\\floor1_01.png.meta": {
    "time": 1669435280604.5288
  },
  "C:\\ruanjian\\CocosDashboard\\xm\\xialou\\assets\\imag\\floor1_01.png": {
    "time": 1669435245846.0176,
    "uuid": "a8b48009-b815-49c9-865a-3b4422404b45",
    "missing": false
  },
  "C:\\ruanjian\\CocosDashboard\\xm\\xialou\\assets\\animation\\floor1.anim.meta": {
    "time": 1669435463792.5925
  },
  "C:\\ruanjian\\CocosDashboard\\xm\\xialou\\assets\\animation\\floor1.anim": {
    "time": 1669435607547.87,
    "uuid": "4a7c68af-9f94-4400-ac50-e716a4a0fd23",
    "missing": false
  },
  "C:\\ruanjian\\CocosDashboard\\xm\\xialou\\assets\\jiaoben\\floor1.ts.meta": {
    "time": 1669435665873.093
  },
  "C:\\ruanjian\\CocosDashboard\\xm\\xialou\\assets\\jiaoben\\floor1.ts": {
    "time": 1669443239867.3428,
    "uuid": "8c78e2b3-e500-42c1-8d55-528860b6d206",
    "missing": false
  },
  "C:\\ruanjian\\CocosDashboard\\xm\\xialou\\assets\\prefab\\floor1_01.prefab.meta": {
    "time": 1669435994052.9717
  },
  "C:\\ruanjian\\CocosDashboard\\xm\\xialou\\assets\\prefab\\floor1_01.prefab": {
    "time": 1669435994051.9724,
    "uuid": "6b61b822-44ba-45aa-a9a5-7718b1dad9c1",
    "missing": false
  },
  "C:\\ruanjian\\CocosDashboard\\xm\\xialou\\assets\\jiaoben\\home.ts.meta": {
    "time": 1669441644085.1443
  },
  "C:\\ruanjian\\CocosDashboard\\xm\\xialou\\assets\\jiaoben\\home.ts": {
    "time": 1669531955740.2305,
    "uuid": "863ac531-a985-4466-acd3-2772fc1a771e",
    "missing": false
  },
  "C:\\ruanjian\\CocosDashboard\\xm\\xialou\\assets\\jiaoben\\ue.ts.meta": {
    "time": 1669443361516.116
  },
  "C:\\ruanjian\\CocosDashboard\\xm\\xialou\\assets\\jiaoben\\ue.ts": {
    "time": 1669443527651.2642,
    "uuid": "583c3d03-cd8f-4463-84d1-75666a3ce4b8",
    "missing": false
  },
  "C:\\ruanjian\\CocosDashboard\\xm\\xialou\\assets\\audio.meta": {
    "time": 1669444366987.8699
  },
  "C:\\ruanjian\\CocosDashboard\\xm\\xialou\\assets\\audio": {
    "time": 1669444374120.9656,
    "uuid": "9db4b285-e0bc-4942-8fbf-dd63856c83d4",
    "missing": false
  },
  "C:\\ruanjian\\CocosDashboard\\xm\\xialou\\assets\\audio\\touch.mp3.meta": {
    "time": 1669444374153.9932
  },
  "C:\\ruanjian\\CocosDashboard\\xm\\xialou\\assets\\audio\\bgm.mp3.meta": {
    "time": 1669444374165.5144
  },
  "C:\\ruanjian\\CocosDashboard\\xm\\xialou\\assets\\audio\\touch.mp3": {
    "time": 1668916347507.2214,
    "uuid": "648bac33-7b33-4294-bc90-5321dd1bfb60",
    "missing": false
  },
  "C:\\ruanjian\\CocosDashboard\\xm\\xialou\\assets\\audio\\bgm.mp3": {
    "time": 1668916347494.2168,
    "uuid": "186f68c8-a243-44d8-852c-1a863f02f418",
    "missing": false
  },
  "C:\\ruanjian\\CocosDashboard\\xm\\xialou\\assets\\jiaoben\\touch.ts.meta": {
    "time": 1669444533196.7273
  },
  "C:\\ruanjian\\CocosDashboard\\xm\\xialou\\assets\\jiaoben\\touch.ts": {
    "time": 1669444697406.1377,
    "uuid": "02a38d7f-c905-42ff-8e5b-58a518bea054",
    "missing": false
  }
}
