{
  "1f076381-0b3c-43bf-895f-41501575d4a2": {
    "url": "db://assets/game.scene",
    "value": {
      "depends": [
        "1f076381-0b3c-43bf-895f-41501575d4a2",
        "ec0f22d6-ce05-437e-9803-a59d71372578@f9941",
        "ec0f22d6-ce05-437e-9803-a59d71372578@f9941",
        "23f6c8d1-89aa-448d-9bb4-63a9cdbc547d@f9941",
        "648bac33-7b33-4294-bc90-5321dd1bfb60",
        "7d785bd7-51a8-4926-9cea-af9bc4d71697@f9941",
        "0078de6c-afce-4d42-9ec0-1aedd2f47565",
        "0078de6c-afce-4d42-9ec0-1aedd2f47565",
        "6b61b822-44ba-45aa-a9a5-7718b1dad9c1",
        "ae62432d-0636-4fba-90f2-d0350ab5057b",
        "6b39372b-64da-49ab-9bf8-98884a0d7f52",
        "6d44a0d0-d44c-4216-a4f3-077b4e2cb808",
        "398c0f99-2110-4d3d-9ade-cb1153120c3c",
        "19e9bd8c-3f4d-45e0-8176-c8f4b08891bb",
        "186f68c8-a243-44d8-852c-1a863f02f418",
        "1f076381-0b3c-43bf-895f-41501575d4a2"
      ]
    }
  },
  "ea208d15-e4cf-4e63-805c-e0889014f25b": {
    "url": "db://assets/imag",
    "value": {}
  },
  "ec0f22d6-ce05-437e-9803-a59d71372578": {
    "url": "db://assets/imag/back.png",
    "value": {
      "depends": []
    }
  },
  "ec0f22d6-ce05-437e-9803-a59d71372578@6c48a": {
    "url": "db://assets/imag/back.png@6c48a",
    "value": {
      "depends": [
        "ec0f22d6-ce05-437e-9803-a59d71372578"
      ]
    }
  },
  "ec0f22d6-ce05-437e-9803-a59d71372578@f9941": {
    "url": "db://assets/imag/back.png@f9941",
    "value": {
      "depends": [
        "ec0f22d6-ce05-437e-9803-a59d71372578@6c48a"
      ]
    }
  },
  "a5522fde-8e40-4ef3-a4f8-7f5f86f04003": {
    "url": "db://assets/jiaoben",
    "value": {}
  },
  "b7a8a6b2-873c-4c23-b2bc-957e7de2d6dd": {
    "url": "db://assets/jiaoben/bggd.ts",
    "value": {}
  },
  "9642288f-457b-4ed8-801e-4b415333a2fa": {
    "url": "db://assets/imag/floor0.png",
    "value": {
      "depends": []
    }
  },
  "9642288f-457b-4ed8-801e-4b415333a2fa@6c48a": {
    "url": "db://assets/imag/floor0.png@6c48a",
    "value": {
      "depends": [
        "9642288f-457b-4ed8-801e-4b415333a2fa"
      ]
    }
  },
  "9642288f-457b-4ed8-801e-4b415333a2fa@f9941": {
    "url": "db://assets/imag/floor0.png@f9941",
    "value": {
      "depends": [
        "9642288f-457b-4ed8-801e-4b415333a2fa@6c48a"
      ]
    }
  },
  "8afc2968-fea7-465a-95f5-64850fec9938": {
    "url": "db://assets/imag/player.png",
    "value": {
      "depends": []
    }
  },
  "8afc2968-fea7-465a-95f5-64850fec9938@6c48a": {
    "url": "db://assets/imag/player.png@6c48a",
    "value": {
      "depends": [
        "8afc2968-fea7-465a-95f5-64850fec9938"
      ]
    }
  },
  "8afc2968-fea7-465a-95f5-64850fec9938@f9941": {
    "url": "db://assets/imag/player.png@f9941",
    "value": {
      "depends": [
        "8afc2968-fea7-465a-95f5-64850fec9938@6c48a"
      ]
    }
  },
  "41310db4-37a4-424c-b1a0-6d3045e3d145": {
    "url": "db://assets/imag/Common.png",
    "value": {
      "depends": []
    }
  },
  "41310db4-37a4-424c-b1a0-6d3045e3d145@6c48a": {
    "url": "db://assets/imag/Common.png@6c48a",
    "value": {
      "depends": [
        "41310db4-37a4-424c-b1a0-6d3045e3d145"
      ]
    }
  },
  "41310db4-37a4-424c-b1a0-6d3045e3d145@f9941": {
    "url": "db://assets/imag/Common.png@f9941",
    "value": {
      "depends": [
        "41310db4-37a4-424c-b1a0-6d3045e3d145@6c48a"
      ]
    }
  },
  "7d785bd7-51a8-4926-9cea-af9bc4d71697": {
    "url": "db://assets/imag/ue.png",
    "value": {
      "depends": []
    }
  },
  "7d785bd7-51a8-4926-9cea-af9bc4d71697@6c48a": {
    "url": "db://assets/imag/ue.png@6c48a",
    "value": {
      "depends": [
        "7d785bd7-51a8-4926-9cea-af9bc4d71697"
      ]
    }
  },
  "7d785bd7-51a8-4926-9cea-af9bc4d71697@f9941": {
    "url": "db://assets/imag/ue.png@f9941",
    "value": {
      "depends": [
        "7d785bd7-51a8-4926-9cea-af9bc4d71697@6c48a"
      ]
    }
  },
  "4a9cc03a-7c1f-41e4-a9d7-16fa255b9448": {
    "url": "db://assets/imag/floor1.png",
    "value": {}
  },
  "4a9cc03a-7c1f-41e4-a9d7-16fa255b9448@6c48a": {
    "url": "db://assets/imag/floor1.png@6c48a",
    "value": {
      "depends": [
        "4a9cc03a-7c1f-41e4-a9d7-16fa255b9448"
      ]
    }
  },
  "4a9cc03a-7c1f-41e4-a9d7-16fa255b9448@f9941": {
    "url": "db://assets/imag/floor1.png@f9941",
    "value": {
      "depends": [
        "4a9cc03a-7c1f-41e4-a9d7-16fa255b9448@6c48a"
      ]
    }
  },
  "ba2acb81-872f-43ac-9c69-242418b67b90": {
    "url": "db://assets/imag/floor2.png",
    "value": {}
  },
  "ba2acb81-872f-43ac-9c69-242418b67b90@6c48a": {
    "url": "db://assets/imag/floor2.png@6c48a",
    "value": {
      "depends": [
        "ba2acb81-872f-43ac-9c69-242418b67b90"
      ]
    }
  },
  "ba2acb81-872f-43ac-9c69-242418b67b90@f9941": {
    "url": "db://assets/imag/floor2.png@f9941",
    "value": {
      "depends": [
        "ba2acb81-872f-43ac-9c69-242418b67b90@6c48a"
      ]
    }
  },
  "d9729446-fff4-41a3-a217-fc5cbcdd263d": {
    "url": "db://assets/imag/floor3.png",
    "value": {
      "depends": []
    }
  },
  "d9729446-fff4-41a3-a217-fc5cbcdd263d@6c48a": {
    "url": "db://assets/imag/floor3.png@6c48a",
    "value": {
      "depends": [
        "d9729446-fff4-41a3-a217-fc5cbcdd263d"
      ]
    }
  },
  "d9729446-fff4-41a3-a217-fc5cbcdd263d@f9941": {
    "url": "db://assets/imag/floor3.png@f9941",
    "value": {
      "depends": [
        "d9729446-fff4-41a3-a217-fc5cbcdd263d@6c48a"
      ]
    }
  },
  "fe4950b7-c490-497a-8bf6-6439207f9df5": {
    "url": "db://assets/imag/floor4.png",
    "value": {}
  },
  "1b3c6a1e-b387-41f9-8d14-900e79df7f94": {
    "url": "db://assets/imag/heart.png",
    "value": {
      "depends": []
    }
  },
  "fe4950b7-c490-497a-8bf6-6439207f9df5@6c48a": {
    "url": "db://assets/imag/floor4.png@6c48a",
    "value": {
      "depends": [
        "fe4950b7-c490-497a-8bf6-6439207f9df5"
      ]
    }
  },
  "1b3c6a1e-b387-41f9-8d14-900e79df7f94@6c48a": {
    "url": "db://assets/imag/heart.png@6c48a",
    "value": {
      "depends": [
        "1b3c6a1e-b387-41f9-8d14-900e79df7f94"
      ]
    }
  },
  "1b3c6a1e-b387-41f9-8d14-900e79df7f94@f9941": {
    "url": "db://assets/imag/heart.png@f9941",
    "value": {
      "depends": [
        "1b3c6a1e-b387-41f9-8d14-900e79df7f94@6c48a"
      ]
    }
  },
  "fe4950b7-c490-497a-8bf6-6439207f9df5@f9941": {
    "url": "db://assets/imag/floor4.png@f9941",
    "value": {
      "depends": [
        "fe4950b7-c490-497a-8bf6-6439207f9df5@6c48a"
      ]
    }
  },
  "23f6c8d1-89aa-448d-9bb4-63a9cdbc547d": {
    "url": "db://assets/imag/独球(duqiu)_爱给网_aigei_com.png",
    "value": {
      "depends": []
    }
  },
  "23f6c8d1-89aa-448d-9bb4-63a9cdbc547d@6c48a": {
    "url": "db://assets/imag/独球(duqiu)_爱给网_aigei_com.png@6c48a",
    "value": {
      "depends": [
        "23f6c8d1-89aa-448d-9bb4-63a9cdbc547d"
      ]
    }
  },
  "23f6c8d1-89aa-448d-9bb4-63a9cdbc547d@f9941": {
    "url": "db://assets/imag/独球(duqiu)_爱给网_aigei_com.png@f9941",
    "value": {
      "depends": [
        "23f6c8d1-89aa-448d-9bb4-63a9cdbc547d@6c48a"
      ]
    }
  },
  "10d94623-8e51-4bef-b4ee-db6efff46fdc": {
    "url": "db://assets/jiaoben/muban.ts",
    "value": {}
  },
  "cdd20b79-4a69-41c1-9409-121782c0ec8a": {
    "url": "db://assets/prefab",
    "value": {}
  },
  "0078de6c-afce-4d42-9ec0-1aedd2f47565": {
    "url": "db://assets/prefab/floor0.prefab",
    "value": {
      "depends": [
        "9642288f-457b-4ed8-801e-4b415333a2fa@f9941"
      ]
    }
  },
  "3d786d5c-ac03-4020-bfea-34fcd16c5471": {
    "url": "db://assets/jiaoben/main.ts",
    "value": {}
  },
  "0c9dc0e8-8834-4c20-bd97-86a730864237": {
    "url": "db://assets/animation.anim",
    "value": {}
  },
  "0584d23b-18bb-4b2b-9af5-54e8af0060a6": {
    "url": "db://assets/animation",
    "value": {}
  },
  "28be0475-0061-437a-b56e-04ec562a99c5": {
    "url": "db://assets/animation/animation.anim",
    "value": {}
  },
  "b6e44f1a-9c09-4b44-9be1-43e9dc212abf": {
    "url": "db://assets/imag/APimg[106].png",
    "value": {
      "depends": []
    }
  },
  "b6e44f1a-9c09-4b44-9be1-43e9dc212abf@6c48a": {
    "url": "db://assets/imag/APimg[106].png@6c48a",
    "value": {
      "depends": [
        "b6e44f1a-9c09-4b44-9be1-43e9dc212abf"
      ]
    }
  },
  "b6e44f1a-9c09-4b44-9be1-43e9dc212abf@f9941": {
    "url": "db://assets/imag/APimg[106].png@f9941",
    "value": {
      "depends": [
        "b6e44f1a-9c09-4b44-9be1-43e9dc212abf@6c48a"
      ]
    }
  },
  "2b9919ed-4d61-4f02-b738-966f2a0494ba": {
    "url": "db://assets/animation/floor2.anim",
    "value": {}
  },
  "4bebecbb-ef7a-4e11-9f7c-d0e79c202272": {
    "url": "db://assets/imag/floor2_2.png",
    "value": {}
  },
  "4bebecbb-ef7a-4e11-9f7c-d0e79c202272@6c48a": {
    "url": "db://assets/imag/floor2_2.png@6c48a",
    "value": {
      "depends": [
        "4bebecbb-ef7a-4e11-9f7c-d0e79c202272"
      ]
    }
  },
  "4bebecbb-ef7a-4e11-9f7c-d0e79c202272@f9941": {
    "url": "db://assets/imag/floor2_2.png@f9941",
    "value": {
      "depends": [
        "4bebecbb-ef7a-4e11-9f7c-d0e79c202272@6c48a"
      ]
    }
  },
  "2147ed47-55bd-4ea9-bb32-341a26737314": {
    "url": "db://assets/imag/floor2_1.png",
    "value": {}
  },
  "2147ed47-55bd-4ea9-bb32-341a26737314@6c48a": {
    "url": "db://assets/imag/floor2_1.png@6c48a",
    "value": {
      "depends": [
        "2147ed47-55bd-4ea9-bb32-341a26737314"
      ]
    }
  },
  "2147ed47-55bd-4ea9-bb32-341a26737314@f9941": {
    "url": "db://assets/imag/floor2_1.png@f9941",
    "value": {
      "depends": [
        "2147ed47-55bd-4ea9-bb32-341a26737314@6c48a"
      ]
    }
  },
  "e5531a7a-8fc7-4925-bb3a-f200ba7fd6e9": {
    "url": "db://assets/animation/floor2.anim",
    "value": {}
  },
  "8893af23-33bc-4729-9644-02e4566bfc41": {
    "url": "db://assets/imag/floor2_02.png",
    "value": {
      "depends": []
    }
  },
  "8893af23-33bc-4729-9644-02e4566bfc41@6c48a": {
    "url": "db://assets/imag/floor2_02.png@6c48a",
    "value": {
      "depends": [
        "8893af23-33bc-4729-9644-02e4566bfc41"
      ]
    }
  },
  "8893af23-33bc-4729-9644-02e4566bfc41@f9941": {
    "url": "db://assets/imag/floor2_02.png@f9941",
    "value": {
      "depends": [
        "8893af23-33bc-4729-9644-02e4566bfc41@6c48a"
      ]
    }
  },
  "60460a36-16ea-4afa-bc23-4f50e2084822": {
    "url": "db://assets/imag/floor2_01.png",
    "value": {
      "depends": []
    }
  },
  "60460a36-16ea-4afa-bc23-4f50e2084822@6c48a": {
    "url": "db://assets/imag/floor2_01.png@6c48a",
    "value": {
      "depends": [
        "60460a36-16ea-4afa-bc23-4f50e2084822"
      ]
    }
  },
  "60460a36-16ea-4afa-bc23-4f50e2084822@f9941": {
    "url": "db://assets/imag/floor2_01.png@f9941",
    "value": {
      "depends": [
        "60460a36-16ea-4afa-bc23-4f50e2084822@6c48a"
      ]
    }
  },
  "7e41c466-3427-4223-91b2-7ecbc7a6efd0": {
    "url": "db://assets/animation/floor2.anim",
    "value": {
      "depends": [
        "8893af23-33bc-4729-9644-02e4566bfc41@f9941",
        "60460a36-16ea-4afa-bc23-4f50e2084822@f9941"
      ]
    }
  },
  "588dd0a4-cf02-4e2a-99bc-1035e778925c": {
    "url": "db://assets/jiaoben/floor2.ts",
    "value": {}
  },
  "ae62432d-0636-4fba-90f2-d0350ab5057b": {
    "url": "db://assets/prefab/floor2_01.prefab",
    "value": {
      "depends": [
        "60460a36-16ea-4afa-bc23-4f50e2084822@f9941",
        "7e41c466-3427-4223-91b2-7ecbc7a6efd0",
        "7e41c466-3427-4223-91b2-7ecbc7a6efd0"
      ]
    }
  },
  "001dc4a7-edfc-4dcb-a2f7-db614ca3fbfe": {
    "url": "db://assets/jiaoben/heart.ts",
    "value": {}
  },
  "10b63cf5-b79b-4cb9-8ee6-9d10f83b2e7f": {
    "url": "db://assets/prefab/heart.prefab",
    "value": {}
  },
  "67c426c6-77ff-4995-b17d-81b30ebc8ab2": {
    "url": "db://assets/imag/floor4_02.gif",
    "value": {}
  },
  "affb4705-4551-49af-9ca5-19a6b4b60165": {
    "url": "db://assets/imag/floor4_01.gif",
    "value": {}
  },
  "82e48721-a122-4675-bb47-41684460c172": {
    "url": "db://assets/imag/floor4_02.png",
    "value": {
      "depends": []
    }
  },
  "82e48721-a122-4675-bb47-41684460c172@6c48a": {
    "url": "db://assets/imag/floor4_02.png@6c48a",
    "value": {
      "depends": [
        "82e48721-a122-4675-bb47-41684460c172"
      ]
    }
  },
  "82e48721-a122-4675-bb47-41684460c172@f9941": {
    "url": "db://assets/imag/floor4_02.png@f9941",
    "value": {
      "depends": [
        "82e48721-a122-4675-bb47-41684460c172@6c48a"
      ]
    }
  },
  "1204b14c-2ab1-47c5-8a4a-cfae9eb22f42": {
    "url": "db://assets/imag/floor4_01.png",
    "value": {
      "depends": []
    }
  },
  "1204b14c-2ab1-47c5-8a4a-cfae9eb22f42@6c48a": {
    "url": "db://assets/imag/floor4_01.png@6c48a",
    "value": {
      "depends": [
        "1204b14c-2ab1-47c5-8a4a-cfae9eb22f42"
      ]
    }
  },
  "1204b14c-2ab1-47c5-8a4a-cfae9eb22f42@f9941": {
    "url": "db://assets/imag/floor4_01.png@f9941",
    "value": {
      "depends": [
        "1204b14c-2ab1-47c5-8a4a-cfae9eb22f42@6c48a"
      ]
    }
  },
  "646f3e2c-aa58-4526-beb3-50c803943466": {
    "url": "db://assets/jiaoben/floor4_1.ts",
    "value": {}
  },
  "8386159f-31e8-4262-832c-a12c2bb44013": {
    "url": "db://assets/jiaoben/floor4_2.ts",
    "value": {}
  },
  "398c0f99-2110-4d3d-9ade-cb1153120c3c": {
    "url": "db://assets/prefab/floor4_02.prefab",
    "value": {
      "depends": [
        "82e48721-a122-4675-bb47-41684460c172@f9941"
      ]
    }
  },
  "6d44a0d0-d44c-4216-a4f3-077b4e2cb808": {
    "url": "db://assets/prefab/floor4_01.prefab",
    "value": {
      "depends": [
        "1204b14c-2ab1-47c5-8a4a-cfae9eb22f42@f9941"
      ]
    }
  },
  "661357e5-eed9-4269-b150-efd9c30e17c3": {
    "url": "db://assets/jiaoben/score.ts",
    "value": {}
  },
  "9dd21c01-0e53-4d7b-8e65-574331850560": {
    "url": "db://assets/jiaoben/restart.ts",
    "value": {}
  },
  "19e9bd8c-3f4d-45e0-8176-c8f4b08891bb": {
    "url": "db://assets/prefab/alert.prefab",
    "value": {
      "depends": [
        "41310db4-37a4-424c-b1a0-6d3045e3d145@f9941",
        "20835ba4-6145-4fbc-a58a-051ce700aa3e@f9941",
        "20835ba4-6145-4fbc-a58a-051ce700aa3e@f9941",
        "20835ba4-6145-4fbc-a58a-051ce700aa3e@f9941",
        "544e49d6-3f05-4fa8-9a9e-091f98fc2ce8@f9941",
        "951249e0-9f16-456d-8b85-a6ca954da16b@f9941",
        "20835ba4-6145-4fbc-a58a-051ce700aa3e@f9941",
        "20835ba4-6145-4fbc-a58a-051ce700aa3e@f9941",
        "20835ba4-6145-4fbc-a58a-051ce700aa3e@f9941",
        "544e49d6-3f05-4fa8-9a9e-091f98fc2ce8@f9941",
        "951249e0-9f16-456d-8b85-a6ca954da16b@f9941",
        "bd1bcaba-bd7d-4a71-b143-997c882383e4@f9941"
      ]
    }
  },
  "99962a46-7f04-478e-9047-93a3c6965d83": {
    "url": "db://assets/jiaoben/player_15.gif",
    "value": {}
  },
  "2c3e9d2a-c238-446c-a9e3-abfbe56615e3": {
    "url": "db://assets/jiaoben/player_16.gif",
    "value": {}
  },
  "25dbff61-c694-459f-a6ef-0c31cc717446": {
    "url": "db://assets/jiaoben/player_17.gif",
    "value": {}
  },
  "c021c6f3-437d-47c6-b338-06626ddf7786": {
    "url": "db://assets/jiaoben/player_18.gif",
    "value": {}
  },
  "2f779d9b-3906-47db-ab95-e9a779732785": {
    "url": "db://assets/jiaoben/player_01.gif",
    "value": {}
  },
  "9d080195-e1bc-4a6a-8772-924fb1deaa27": {
    "url": "db://assets/jiaoben/player_02.gif",
    "value": {}
  },
  "9e918d8e-2d39-48de-a8e0-2dfea03e7233": {
    "url": "db://assets/jiaoben/player_03.gif",
    "value": {}
  },
  "df365800-30ec-44a1-9144-0329257a5dfc": {
    "url": "db://assets/jiaoben/player_04.gif",
    "value": {}
  },
  "c1473c26-547f-4343-8f28-6e0440c7cf07": {
    "url": "db://assets/jiaoben/player_05.gif",
    "value": {}
  },
  "c8f12e4c-7ef5-44b2-acb3-96eaf8cedd26": {
    "url": "db://assets/jiaoben/player_06.gif",
    "value": {}
  },
  "ced27722-56c2-4cb7-bcee-0090497b9d9c": {
    "url": "db://assets/jiaoben/player_07.gif",
    "value": {}
  },
  "c3ae9a0c-cae4-4745-bb69-259d607d77c6": {
    "url": "db://assets/jiaoben/player_08.gif",
    "value": {}
  },
  "ce68eee0-6885-4a88-9cc4-97e58e50e36c": {
    "url": "db://assets/jiaoben/player_09.gif",
    "value": {}
  },
  "61c1e29d-9cd9-43ba-b316-48d19cd1676e": {
    "url": "db://assets/jiaoben/player_11.gif",
    "value": {}
  },
  "f4599e59-e77c-4084-b09f-c8ba52c6e793": {
    "url": "db://assets/jiaoben/player_10.gif",
    "value": {}
  },
  "a9c753ff-982a-42ea-b6dc-7e6e3f8096f0": {
    "url": "db://assets/jiaoben/player_12.gif",
    "value": {}
  },
  "db6bdc42-a471-4901-a3f3-4de714e2ed17": {
    "url": "db://assets/jiaoben/player_13.gif",
    "value": {}
  },
  "52f78c61-ed56-471d-b6e6-645ec0b25b1d": {
    "url": "db://assets/jiaoben/player_14.gif",
    "value": {}
  },
  "3cd7b630-1047-4044-805a-d53daf5b2946": {
    "url": "db://assets/imag/player_18.png",
    "value": {
      "depends": []
    }
  },
  "3cd7b630-1047-4044-805a-d53daf5b2946@6c48a": {
    "url": "db://assets/imag/player_18.png@6c48a",
    "value": {
      "depends": [
        "3cd7b630-1047-4044-805a-d53daf5b2946"
      ]
    }
  },
  "3cd7b630-1047-4044-805a-d53daf5b2946@f9941": {
    "url": "db://assets/imag/player_18.png@f9941",
    "value": {
      "depends": [
        "3cd7b630-1047-4044-805a-d53daf5b2946@6c48a"
      ]
    }
  },
  "b09a71fa-60c4-4043-a9f5-0cc928255b47": {
    "url": "db://assets/imag/player_17.png",
    "value": {
      "depends": []
    }
  },
  "b09a71fa-60c4-4043-a9f5-0cc928255b47@6c48a": {
    "url": "db://assets/imag/player_17.png@6c48a",
    "value": {
      "depends": [
        "b09a71fa-60c4-4043-a9f5-0cc928255b47"
      ]
    }
  },
  "b09a71fa-60c4-4043-a9f5-0cc928255b47@f9941": {
    "url": "db://assets/imag/player_17.png@f9941",
    "value": {
      "depends": [
        "b09a71fa-60c4-4043-a9f5-0cc928255b47@6c48a"
      ]
    }
  },
  "38d8c3aa-fe39-4451-8b6d-2d9c5b7ea228": {
    "url": "db://assets/imag/player_01.png",
    "value": {}
  },
  "38d8c3aa-fe39-4451-8b6d-2d9c5b7ea228@6c48a": {
    "url": "db://assets/imag/player_01.png@6c48a",
    "value": {
      "depends": [
        "38d8c3aa-fe39-4451-8b6d-2d9c5b7ea228"
      ]
    }
  },
  "38d8c3aa-fe39-4451-8b6d-2d9c5b7ea228@f9941": {
    "url": "db://assets/imag/player_01.png@f9941",
    "value": {
      "depends": [
        "38d8c3aa-fe39-4451-8b6d-2d9c5b7ea228@6c48a"
      ]
    }
  },
  "d9c06fb4-6fed-418d-a66f-d736f2068b2d": {
    "url": "db://assets/imag/player_02.png",
    "value": {
      "depends": []
    }
  },
  "d9c06fb4-6fed-418d-a66f-d736f2068b2d@6c48a": {
    "url": "db://assets/imag/player_02.png@6c48a",
    "value": {
      "depends": [
        "d9c06fb4-6fed-418d-a66f-d736f2068b2d"
      ]
    }
  },
  "ddab53cd-827d-4a85-8072-9b886b3866e9": {
    "url": "db://assets/imag/player_03.png",
    "value": {
      "depends": []
    }
  },
  "ff1a9856-d805-4c88-95bd-5ac7ca7e9656": {
    "url": "db://assets/imag/player_04.png",
    "value": {
      "depends": []
    }
  },
  "288a1824-e6e7-4a2b-b54f-da4abb031cc0": {
    "url": "db://assets/imag/player_06.png",
    "value": {
      "depends": []
    }
  },
  "3be8f24d-1635-4425-93e6-3c9709680c34": {
    "url": "db://assets/imag/player_05.png",
    "value": {
      "depends": []
    }
  },
  "d9c06fb4-6fed-418d-a66f-d736f2068b2d@f9941": {
    "url": "db://assets/imag/player_02.png@f9941",
    "value": {
      "depends": [
        "d9c06fb4-6fed-418d-a66f-d736f2068b2d@6c48a"
      ]
    }
  },
  "d239cefe-6bf9-4a0f-b490-4be08f459fc9": {
    "url": "db://assets/imag/player_08.png",
    "value": {
      "depends": []
    }
  },
  "3be8f24d-1635-4425-93e6-3c9709680c34@6c48a": {
    "url": "db://assets/imag/player_05.png@6c48a",
    "value": {
      "depends": [
        "3be8f24d-1635-4425-93e6-3c9709680c34"
      ]
    }
  },
  "ff1a9856-d805-4c88-95bd-5ac7ca7e9656@6c48a": {
    "url": "db://assets/imag/player_04.png@6c48a",
    "value": {
      "depends": [
        "ff1a9856-d805-4c88-95bd-5ac7ca7e9656"
      ]
    }
  },
  "288a1824-e6e7-4a2b-b54f-da4abb031cc0@6c48a": {
    "url": "db://assets/imag/player_06.png@6c48a",
    "value": {
      "depends": [
        "288a1824-e6e7-4a2b-b54f-da4abb031cc0"
      ]
    }
  },
  "ddab53cd-827d-4a85-8072-9b886b3866e9@6c48a": {
    "url": "db://assets/imag/player_03.png@6c48a",
    "value": {
      "depends": [
        "ddab53cd-827d-4a85-8072-9b886b3866e9"
      ]
    }
  },
  "3be8f24d-1635-4425-93e6-3c9709680c34@f9941": {
    "url": "db://assets/imag/player_05.png@f9941",
    "value": {
      "depends": [
        "3be8f24d-1635-4425-93e6-3c9709680c34@6c48a"
      ]
    }
  },
  "d78fdfc6-abd6-49a4-89d1-ea08fc68b2ca": {
    "url": "db://assets/imag/player_09.png",
    "value": {
      "depends": []
    }
  },
  "ff1a9856-d805-4c88-95bd-5ac7ca7e9656@f9941": {
    "url": "db://assets/imag/player_04.png@f9941",
    "value": {
      "depends": [
        "ff1a9856-d805-4c88-95bd-5ac7ca7e9656@6c48a"
      ]
    }
  },
  "288a1824-e6e7-4a2b-b54f-da4abb031cc0@f9941": {
    "url": "db://assets/imag/player_06.png@f9941",
    "value": {
      "depends": [
        "288a1824-e6e7-4a2b-b54f-da4abb031cc0@6c48a"
      ]
    }
  },
  "b21a579b-ba18-4fe9-aad8-571ee4c7d4fa": {
    "url": "db://assets/imag/player_07.png",
    "value": {
      "depends": []
    }
  },
  "51ebc2ae-1175-4958-9faa-1aa3c31f90cc": {
    "url": "db://assets/imag/player_10.png",
    "value": {
      "depends": []
    }
  },
  "ddab53cd-827d-4a85-8072-9b886b3866e9@f9941": {
    "url": "db://assets/imag/player_03.png@f9941",
    "value": {
      "depends": [
        "ddab53cd-827d-4a85-8072-9b886b3866e9@6c48a"
      ]
    }
  },
  "af6fbadc-ebda-44e9-a198-dbe2b757a287": {
    "url": "db://assets/imag/player_11.png",
    "value": {
      "depends": []
    }
  },
  "d239cefe-6bf9-4a0f-b490-4be08f459fc9@6c48a": {
    "url": "db://assets/imag/player_08.png@6c48a",
    "value": {
      "depends": [
        "d239cefe-6bf9-4a0f-b490-4be08f459fc9"
      ]
    }
  },
  "d239cefe-6bf9-4a0f-b490-4be08f459fc9@f9941": {
    "url": "db://assets/imag/player_08.png@f9941",
    "value": {
      "depends": [
        "d239cefe-6bf9-4a0f-b490-4be08f459fc9@6c48a"
      ]
    }
  },
  "3e07d7b3-e19a-4335-8fcf-a57d34ab888e": {
    "url": "db://assets/imag/player_13.png",
    "value": {
      "depends": []
    }
  },
  "51ebc2ae-1175-4958-9faa-1aa3c31f90cc@6c48a": {
    "url": "db://assets/imag/player_10.png@6c48a",
    "value": {
      "depends": [
        "51ebc2ae-1175-4958-9faa-1aa3c31f90cc"
      ]
    }
  },
  "d78fdfc6-abd6-49a4-89d1-ea08fc68b2ca@6c48a": {
    "url": "db://assets/imag/player_09.png@6c48a",
    "value": {
      "depends": [
        "d78fdfc6-abd6-49a4-89d1-ea08fc68b2ca"
      ]
    }
  },
  "b21a579b-ba18-4fe9-aad8-571ee4c7d4fa@6c48a": {
    "url": "db://assets/imag/player_07.png@6c48a",
    "value": {
      "depends": [
        "b21a579b-ba18-4fe9-aad8-571ee4c7d4fa"
      ]
    }
  },
  "51ebc2ae-1175-4958-9faa-1aa3c31f90cc@f9941": {
    "url": "db://assets/imag/player_10.png@f9941",
    "value": {
      "depends": [
        "51ebc2ae-1175-4958-9faa-1aa3c31f90cc@6c48a"
      ]
    }
  },
  "29d224eb-4351-4ebd-921c-b174a49bf74e": {
    "url": "db://assets/imag/player_12.png",
    "value": {
      "depends": []
    }
  },
  "d78fdfc6-abd6-49a4-89d1-ea08fc68b2ca@f9941": {
    "url": "db://assets/imag/player_09.png@f9941",
    "value": {
      "depends": [
        "d78fdfc6-abd6-49a4-89d1-ea08fc68b2ca@6c48a"
      ]
    }
  },
  "b21a579b-ba18-4fe9-aad8-571ee4c7d4fa@f9941": {
    "url": "db://assets/imag/player_07.png@f9941",
    "value": {
      "depends": [
        "b21a579b-ba18-4fe9-aad8-571ee4c7d4fa@6c48a"
      ]
    }
  },
  "e38a8b8f-8ab1-40ff-909c-bd39b77f909a": {
    "url": "db://assets/imag/player_14.png",
    "value": {
      "depends": []
    }
  },
  "16515726-b92d-4f1b-9068-c7ffa2c8dbc1": {
    "url": "db://assets/imag/player_15.png",
    "value": {
      "depends": []
    }
  },
  "af6fbadc-ebda-44e9-a198-dbe2b757a287@6c48a": {
    "url": "db://assets/imag/player_11.png@6c48a",
    "value": {
      "depends": [
        "af6fbadc-ebda-44e9-a198-dbe2b757a287"
      ]
    }
  },
  "3e07d7b3-e19a-4335-8fcf-a57d34ab888e@6c48a": {
    "url": "db://assets/imag/player_13.png@6c48a",
    "value": {
      "depends": [
        "3e07d7b3-e19a-4335-8fcf-a57d34ab888e"
      ]
    }
  },
  "af6fbadc-ebda-44e9-a198-dbe2b757a287@f9941": {
    "url": "db://assets/imag/player_11.png@f9941",
    "value": {
      "depends": [
        "af6fbadc-ebda-44e9-a198-dbe2b757a287@6c48a"
      ]
    }
  },
  "380ded59-0204-4eb2-b65c-32dc4ad330dc": {
    "url": "db://assets/imag/player_16.png",
    "value": {
      "depends": []
    }
  },
  "3e07d7b3-e19a-4335-8fcf-a57d34ab888e@f9941": {
    "url": "db://assets/imag/player_13.png@f9941",
    "value": {
      "depends": [
        "3e07d7b3-e19a-4335-8fcf-a57d34ab888e@6c48a"
      ]
    }
  },
  "e38a8b8f-8ab1-40ff-909c-bd39b77f909a@6c48a": {
    "url": "db://assets/imag/player_14.png@6c48a",
    "value": {
      "depends": [
        "e38a8b8f-8ab1-40ff-909c-bd39b77f909a"
      ]
    }
  },
  "16515726-b92d-4f1b-9068-c7ffa2c8dbc1@6c48a": {
    "url": "db://assets/imag/player_15.png@6c48a",
    "value": {
      "depends": [
        "16515726-b92d-4f1b-9068-c7ffa2c8dbc1"
      ]
    }
  },
  "29d224eb-4351-4ebd-921c-b174a49bf74e@6c48a": {
    "url": "db://assets/imag/player_12.png@6c48a",
    "value": {
      "depends": [
        "29d224eb-4351-4ebd-921c-b174a49bf74e"
      ]
    }
  },
  "e38a8b8f-8ab1-40ff-909c-bd39b77f909a@f9941": {
    "url": "db://assets/imag/player_14.png@f9941",
    "value": {
      "depends": [
        "e38a8b8f-8ab1-40ff-909c-bd39b77f909a@6c48a"
      ]
    }
  },
  "380ded59-0204-4eb2-b65c-32dc4ad330dc@6c48a": {
    "url": "db://assets/imag/player_16.png@6c48a",
    "value": {
      "depends": [
        "380ded59-0204-4eb2-b65c-32dc4ad330dc"
      ]
    }
  },
  "16515726-b92d-4f1b-9068-c7ffa2c8dbc1@f9941": {
    "url": "db://assets/imag/player_15.png@f9941",
    "value": {
      "depends": [
        "16515726-b92d-4f1b-9068-c7ffa2c8dbc1@6c48a"
      ]
    }
  },
  "29d224eb-4351-4ebd-921c-b174a49bf74e@f9941": {
    "url": "db://assets/imag/player_12.png@f9941",
    "value": {
      "depends": [
        "29d224eb-4351-4ebd-921c-b174a49bf74e@6c48a"
      ]
    }
  },
  "380ded59-0204-4eb2-b65c-32dc4ad330dc@f9941": {
    "url": "db://assets/imag/player_16.png@f9941",
    "value": {
      "depends": [
        "380ded59-0204-4eb2-b65c-32dc4ad330dc@6c48a"
      ]
    }
  },
  "abdf5bfe-d8cc-483f-b15d-231df668fdfc": {
    "url": "db://assets/imag/player_01.jpg",
    "value": {}
  },
  "abdf5bfe-d8cc-483f-b15d-231df668fdfc@6c48a": {
    "url": "db://assets/imag/player_01.jpg@6c48a",
    "value": {
      "depends": [
        "abdf5bfe-d8cc-483f-b15d-231df668fdfc"
      ]
    }
  },
  "abdf5bfe-d8cc-483f-b15d-231df668fdfc@f9941": {
    "url": "db://assets/imag/player_01.jpg@f9941",
    "value": {
      "depends": [
        "abdf5bfe-d8cc-483f-b15d-231df668fdfc@6c48a"
      ]
    }
  },
  "0b680262-4659-4aed-b33c-fbd13194fca7": {
    "url": "db://assets/animation/player.anim",
    "value": {}
  },
  "b1acf8e2-03a3-49ef-9699-38768282c7d0": {
    "url": "db://assets/imag/player_02.png",
    "value": {}
  },
  "63337f38-68c9-4a43-9842-126a1adc4ff0": {
    "url": "db://assets/imag/player_03.png",
    "value": {}
  },
  "11db5be5-90c9-4ae7-a5e5-0b87b27f28f1": {
    "url": "db://assets/imag/player_04.png",
    "value": {}
  },
  "989421f5-c27a-4401-bbfe-3f9557481c4a": {
    "url": "db://assets/imag/player_05.png",
    "value": {}
  },
  "26b2f64a-1e9e-4b65-85da-51f9aa6a36e2": {
    "url": "db://assets/imag/player_06.png",
    "value": {}
  },
  "63337f38-68c9-4a43-9842-126a1adc4ff0@6c48a": {
    "url": "db://assets/imag/player_03.png@6c48a",
    "value": {
      "depends": [
        "63337f38-68c9-4a43-9842-126a1adc4ff0"
      ]
    }
  },
  "989421f5-c27a-4401-bbfe-3f9557481c4a@6c48a": {
    "url": "db://assets/imag/player_05.png@6c48a",
    "value": {
      "depends": [
        "989421f5-c27a-4401-bbfe-3f9557481c4a"
      ]
    }
  },
  "b1acf8e2-03a3-49ef-9699-38768282c7d0@6c48a": {
    "url": "db://assets/imag/player_02.png@6c48a",
    "value": {
      "depends": [
        "b1acf8e2-03a3-49ef-9699-38768282c7d0"
      ]
    }
  },
  "11db5be5-90c9-4ae7-a5e5-0b87b27f28f1@6c48a": {
    "url": "db://assets/imag/player_04.png@6c48a",
    "value": {
      "depends": [
        "11db5be5-90c9-4ae7-a5e5-0b87b27f28f1"
      ]
    }
  },
  "26b2f64a-1e9e-4b65-85da-51f9aa6a36e2@6c48a": {
    "url": "db://assets/imag/player_06.png@6c48a",
    "value": {
      "depends": [
        "26b2f64a-1e9e-4b65-85da-51f9aa6a36e2"
      ]
    }
  },
  "b1acf8e2-03a3-49ef-9699-38768282c7d0@f9941": {
    "url": "db://assets/imag/player_02.png@f9941",
    "value": {
      "depends": [
        "b1acf8e2-03a3-49ef-9699-38768282c7d0@6c48a"
      ]
    }
  },
  "15bca98b-98ed-4a02-bbaf-54ab3ba9d7b8": {
    "url": "db://assets/imag/player_07.png",
    "value": {}
  },
  "63337f38-68c9-4a43-9842-126a1adc4ff0@f9941": {
    "url": "db://assets/imag/player_03.png@f9941",
    "value": {
      "depends": [
        "63337f38-68c9-4a43-9842-126a1adc4ff0@6c48a"
      ]
    }
  },
  "989421f5-c27a-4401-bbfe-3f9557481c4a@f9941": {
    "url": "db://assets/imag/player_05.png@f9941",
    "value": {
      "depends": [
        "989421f5-c27a-4401-bbfe-3f9557481c4a@6c48a"
      ]
    }
  },
  "11db5be5-90c9-4ae7-a5e5-0b87b27f28f1@f9941": {
    "url": "db://assets/imag/player_04.png@f9941",
    "value": {
      "depends": [
        "11db5be5-90c9-4ae7-a5e5-0b87b27f28f1@6c48a"
      ]
    }
  },
  "99b0c75e-8bbd-4a96-8b48-c7d500f7f941": {
    "url": "db://assets/imag/player_08.png",
    "value": {}
  },
  "b1a33b76-e4f1-4155-b96f-d51776061cb3": {
    "url": "db://assets/imag/player_09.png",
    "value": {}
  },
  "558d6ea0-c7c7-427a-b973-90eb992726eb": {
    "url": "db://assets/imag/player_10.png",
    "value": {}
  },
  "26b2f64a-1e9e-4b65-85da-51f9aa6a36e2@f9941": {
    "url": "db://assets/imag/player_06.png@f9941",
    "value": {
      "depends": [
        "26b2f64a-1e9e-4b65-85da-51f9aa6a36e2@6c48a"
      ]
    }
  },
  "1dceaba5-71d5-4518-9d9d-459cb38b74e8": {
    "url": "db://assets/imag/player_11.png",
    "value": {}
  },
  "99b0c75e-8bbd-4a96-8b48-c7d500f7f941@6c48a": {
    "url": "db://assets/imag/player_08.png@6c48a",
    "value": {
      "depends": [
        "99b0c75e-8bbd-4a96-8b48-c7d500f7f941"
      ]
    }
  },
  "b1a33b76-e4f1-4155-b96f-d51776061cb3@6c48a": {
    "url": "db://assets/imag/player_09.png@6c48a",
    "value": {
      "depends": [
        "b1a33b76-e4f1-4155-b96f-d51776061cb3"
      ]
    }
  },
  "558d6ea0-c7c7-427a-b973-90eb992726eb@6c48a": {
    "url": "db://assets/imag/player_10.png@6c48a",
    "value": {
      "depends": [
        "558d6ea0-c7c7-427a-b973-90eb992726eb"
      ]
    }
  },
  "15bca98b-98ed-4a02-bbaf-54ab3ba9d7b8@6c48a": {
    "url": "db://assets/imag/player_07.png@6c48a",
    "value": {
      "depends": [
        "15bca98b-98ed-4a02-bbaf-54ab3ba9d7b8"
      ]
    }
  },
  "b1a33b76-e4f1-4155-b96f-d51776061cb3@f9941": {
    "url": "db://assets/imag/player_09.png@f9941",
    "value": {
      "depends": [
        "b1a33b76-e4f1-4155-b96f-d51776061cb3@6c48a"
      ]
    }
  },
  "8fbecd65-220c-4f14-b00f-478d45bd91b5": {
    "url": "db://assets/imag/player_12.png",
    "value": {}
  },
  "99b0c75e-8bbd-4a96-8b48-c7d500f7f941@f9941": {
    "url": "db://assets/imag/player_08.png@f9941",
    "value": {
      "depends": [
        "99b0c75e-8bbd-4a96-8b48-c7d500f7f941@6c48a"
      ]
    }
  },
  "210c8b8c-8803-429d-abe1-887ee1ea7acb": {
    "url": "db://assets/imag/player_13.png",
    "value": {}
  },
  "558d6ea0-c7c7-427a-b973-90eb992726eb@f9941": {
    "url": "db://assets/imag/player_10.png@f9941",
    "value": {
      "depends": [
        "558d6ea0-c7c7-427a-b973-90eb992726eb@6c48a"
      ]
    }
  },
  "15bca98b-98ed-4a02-bbaf-54ab3ba9d7b8@f9941": {
    "url": "db://assets/imag/player_07.png@f9941",
    "value": {
      "depends": [
        "15bca98b-98ed-4a02-bbaf-54ab3ba9d7b8@6c48a"
      ]
    }
  },
  "270fea2a-4a9e-49d9-8e82-95bffb1ff480": {
    "url": "db://assets/imag/player_14.png",
    "value": {}
  },
  "86302a93-73a1-4991-8dcd-eff673575d1b": {
    "url": "db://assets/imag/player_15.png",
    "value": {}
  },
  "1dceaba5-71d5-4518-9d9d-459cb38b74e8@6c48a": {
    "url": "db://assets/imag/player_11.png@6c48a",
    "value": {
      "depends": [
        "1dceaba5-71d5-4518-9d9d-459cb38b74e8"
      ]
    }
  },
  "1dceaba5-71d5-4518-9d9d-459cb38b74e8@f9941": {
    "url": "db://assets/imag/player_11.png@f9941",
    "value": {
      "depends": [
        "1dceaba5-71d5-4518-9d9d-459cb38b74e8@6c48a"
      ]
    }
  },
  "1b59bc85-b61c-41b9-a550-5a785f413254": {
    "url": "db://assets/imag/player_16.png",
    "value": {}
  },
  "8fbecd65-220c-4f14-b00f-478d45bd91b5@6c48a": {
    "url": "db://assets/imag/player_12.png@6c48a",
    "value": {
      "depends": [
        "8fbecd65-220c-4f14-b00f-478d45bd91b5"
      ]
    }
  },
  "86302a93-73a1-4991-8dcd-eff673575d1b@6c48a": {
    "url": "db://assets/imag/player_15.png@6c48a",
    "value": {
      "depends": [
        "86302a93-73a1-4991-8dcd-eff673575d1b"
      ]
    }
  },
  "270fea2a-4a9e-49d9-8e82-95bffb1ff480@6c48a": {
    "url": "db://assets/imag/player_14.png@6c48a",
    "value": {
      "depends": [
        "270fea2a-4a9e-49d9-8e82-95bffb1ff480"
      ]
    }
  },
  "210c8b8c-8803-429d-abe1-887ee1ea7acb@6c48a": {
    "url": "db://assets/imag/player_13.png@6c48a",
    "value": {
      "depends": [
        "210c8b8c-8803-429d-abe1-887ee1ea7acb"
      ]
    }
  },
  "8fbecd65-220c-4f14-b00f-478d45bd91b5@f9941": {
    "url": "db://assets/imag/player_12.png@f9941",
    "value": {
      "depends": [
        "8fbecd65-220c-4f14-b00f-478d45bd91b5@6c48a"
      ]
    }
  },
  "86302a93-73a1-4991-8dcd-eff673575d1b@f9941": {
    "url": "db://assets/imag/player_15.png@f9941",
    "value": {
      "depends": [
        "86302a93-73a1-4991-8dcd-eff673575d1b@6c48a"
      ]
    }
  },
  "2d5ffb3b-d696-4539-a60f-05e9b21d5cad": {
    "url": "db://assets/imag/player_17.png",
    "value": {}
  },
  "d7d7178c-7098-43c7-88fd-1a6b3bfe9c58": {
    "url": "db://assets/imag/player_18.png",
    "value": {}
  },
  "270fea2a-4a9e-49d9-8e82-95bffb1ff480@f9941": {
    "url": "db://assets/imag/player_14.png@f9941",
    "value": {
      "depends": [
        "270fea2a-4a9e-49d9-8e82-95bffb1ff480@6c48a"
      ]
    }
  },
  "210c8b8c-8803-429d-abe1-887ee1ea7acb@f9941": {
    "url": "db://assets/imag/player_13.png@f9941",
    "value": {
      "depends": [
        "210c8b8c-8803-429d-abe1-887ee1ea7acb@6c48a"
      ]
    }
  },
  "1b59bc85-b61c-41b9-a550-5a785f413254@6c48a": {
    "url": "db://assets/imag/player_16.png@6c48a",
    "value": {
      "depends": [
        "1b59bc85-b61c-41b9-a550-5a785f413254"
      ]
    }
  },
  "1b59bc85-b61c-41b9-a550-5a785f413254@f9941": {
    "url": "db://assets/imag/player_16.png@f9941",
    "value": {
      "depends": [
        "1b59bc85-b61c-41b9-a550-5a785f413254@6c48a"
      ]
    }
  },
  "d7d7178c-7098-43c7-88fd-1a6b3bfe9c58@6c48a": {
    "url": "db://assets/imag/player_18.png@6c48a",
    "value": {
      "depends": [
        "d7d7178c-7098-43c7-88fd-1a6b3bfe9c58"
      ]
    }
  },
  "2d5ffb3b-d696-4539-a60f-05e9b21d5cad@6c48a": {
    "url": "db://assets/imag/player_17.png@6c48a",
    "value": {
      "depends": [
        "2d5ffb3b-d696-4539-a60f-05e9b21d5cad"
      ]
    }
  },
  "d7d7178c-7098-43c7-88fd-1a6b3bfe9c58@f9941": {
    "url": "db://assets/imag/player_18.png@f9941",
    "value": {
      "depends": [
        "d7d7178c-7098-43c7-88fd-1a6b3bfe9c58@6c48a"
      ]
    }
  },
  "2d5ffb3b-d696-4539-a60f-05e9b21d5cad@f9941": {
    "url": "db://assets/imag/player_17.png@f9941",
    "value": {
      "depends": [
        "2d5ffb3b-d696-4539-a60f-05e9b21d5cad@6c48a"
      ]
    }
  },
  "382dae0e-20e7-415f-ab54-fbab8768e9a4": {
    "url": "db://assets/imag/player_02.jpg",
    "value": {}
  },
  "382dae0e-20e7-415f-ab54-fbab8768e9a4@6c48a": {
    "url": "db://assets/imag/player_02.jpg@6c48a",
    "value": {
      "depends": [
        "382dae0e-20e7-415f-ab54-fbab8768e9a4"
      ]
    }
  },
  "382dae0e-20e7-415f-ab54-fbab8768e9a4@f9941": {
    "url": "db://assets/imag/player_02.jpg@f9941",
    "value": {
      "depends": [
        "382dae0e-20e7-415f-ab54-fbab8768e9a4@6c48a"
      ]
    }
  },
  "08fea90e-d176-48bd-bef4-69b2c16bdde3": {
    "url": "db://assets/imag/player_01.jpg",
    "value": {}
  },
  "08fea90e-d176-48bd-bef4-69b2c16bdde3@6c48a": {
    "url": "db://assets/imag/player_01.jpg@6c48a",
    "value": {
      "depends": [
        "08fea90e-d176-48bd-bef4-69b2c16bdde3"
      ]
    }
  },
  "08fea90e-d176-48bd-bef4-69b2c16bdde3@f9941": {
    "url": "db://assets/imag/player_01.jpg@f9941",
    "value": {
      "depends": [
        "08fea90e-d176-48bd-bef4-69b2c16bdde3@6c48a"
      ]
    }
  },
  "6798bbcf-9834-4740-8248-8714993ee9c2": {
    "url": "db://assets/imag/animation.anim",
    "value": {}
  },
  "99cda081-71b2-490f-8145-e5e82f74c5cd": {
    "url": "db://assets/start.scene",
    "value": {
      "depends": [
        "99cda081-71b2-490f-8145-e5e82f74c5cd",
        "ec0f22d6-ce05-437e-9803-a59d71372578@f9941",
        "23f6c8d1-89aa-448d-9bb4-63a9cdbc547d@f9941",
        "9642288f-457b-4ed8-801e-4b415333a2fa@f9941",
        "8893af23-33bc-4729-9644-02e4566bfc41@f9941",
        "1204b14c-2ab1-47c5-8a4a-cfae9eb22f42@f9941",
        "c521490b-d137-4c0f-b7cd-a4c04f752080@f9941",
        "20835ba4-6145-4fbc-a58a-051ce700aa3e@f9941",
        "20835ba4-6145-4fbc-a58a-051ce700aa3e@f9941",
        "20835ba4-6145-4fbc-a58a-051ce700aa3e@f9941",
        "544e49d6-3f05-4fa8-9a9e-091f98fc2ce8@f9941",
        "951249e0-9f16-456d-8b85-a6ca954da16b@f9941"
      ]
    }
  },
  "0808eec0-3152-4b2b-a1ae-bbe499fa92fd": {
    "url": "db://assets/imag/1669429484_839123.png",
    "value": {}
  },
  "0808eec0-3152-4b2b-a1ae-bbe499fa92fd@6c48a": {
    "url": "db://assets/imag/1669429484_839123.png@6c48a",
    "value": {
      "depends": [
        "0808eec0-3152-4b2b-a1ae-bbe499fa92fd"
      ]
    }
  },
  "0808eec0-3152-4b2b-a1ae-bbe499fa92fd@f9941": {
    "url": "db://assets/imag/1669429484_839123.png@f9941",
    "value": {
      "depends": [
        "0808eec0-3152-4b2b-a1ae-bbe499fa92fd@6c48a"
      ]
    }
  },
  "616e77af-7c29-4f6f-9a6a-e2286846bd59": {
    "url": "db://assets/jiaoben/startgame.ts",
    "value": {}
  },
  "5464ca08-9178-4f9e-9468-c8d44fb798bd": {
    "url": "db://assets/jiaoben/backsuofang.ts",
    "value": {}
  },
  "c521490b-d137-4c0f-b7cd-a4c04f752080": {
    "url": "db://assets/imag/1669429484_839123.png",
    "value": {
      "depends": []
    }
  },
  "c521490b-d137-4c0f-b7cd-a4c04f752080@6c48a": {
    "url": "db://assets/imag/1669429484_839123.png@6c48a",
    "value": {
      "depends": [
        "c521490b-d137-4c0f-b7cd-a4c04f752080"
      ]
    }
  },
  "c521490b-d137-4c0f-b7cd-a4c04f752080@f9941": {
    "url": "db://assets/imag/1669429484_839123.png@f9941",
    "value": {
      "depends": [
        "c521490b-d137-4c0f-b7cd-a4c04f752080@6c48a"
      ]
    }
  },
  "c2988f43-5f3a-4cea-9b86-06d789428204": {
    "url": "db://assets/jiaoben/backsuofang.ts",
    "value": {}
  },
  "d7c52063-1c66-429e-b2bf-9260345694a1": {
    "url": "db://assets/jiaoben/floor3.ts",
    "value": {}
  },
  "6b39372b-64da-49ab-9bf8-98884a0d7f52": {
    "url": "db://assets/prefab/floor3.prefab",
    "value": {
      "depends": [
        "d9729446-fff4-41a3-a217-fc5cbcdd263d@f9941"
      ]
    }
  },
  "30837a1e-f3ee-4162-93fc-b5fa2b7a52e2": {
    "url": "db://assets/imag/floor1_02.png",
    "value": {
      "depends": []
    }
  },
  "30837a1e-f3ee-4162-93fc-b5fa2b7a52e2@6c48a": {
    "url": "db://assets/imag/floor1_02.png@6c48a",
    "value": {
      "depends": [
        "30837a1e-f3ee-4162-93fc-b5fa2b7a52e2"
      ]
    }
  },
  "30837a1e-f3ee-4162-93fc-b5fa2b7a52e2@f9941": {
    "url": "db://assets/imag/floor1_02.png@f9941",
    "value": {
      "depends": [
        "30837a1e-f3ee-4162-93fc-b5fa2b7a52e2@6c48a"
      ]
    }
  },
  "a8b48009-b815-49c9-865a-3b4422404b45": {
    "url": "db://assets/imag/floor1_01.png",
    "value": {
      "depends": []
    }
  },
  "a8b48009-b815-49c9-865a-3b4422404b45@6c48a": {
    "url": "db://assets/imag/floor1_01.png@6c48a",
    "value": {
      "depends": [
        "a8b48009-b815-49c9-865a-3b4422404b45"
      ]
    }
  },
  "a8b48009-b815-49c9-865a-3b4422404b45@f9941": {
    "url": "db://assets/imag/floor1_01.png@f9941",
    "value": {
      "depends": [
        "a8b48009-b815-49c9-865a-3b4422404b45@6c48a"
      ]
    }
  },
  "4a7c68af-9f94-4400-ac50-e716a4a0fd23": {
    "url": "db://assets/animation/floor1.anim",
    "value": {
      "depends": [
        "a8b48009-b815-49c9-865a-3b4422404b45@f9941",
        "30837a1e-f3ee-4162-93fc-b5fa2b7a52e2@f9941"
      ]
    }
  },
  "8c78e2b3-e500-42c1-8d55-528860b6d206": {
    "url": "db://assets/jiaoben/floor1.ts",
    "value": {}
  },
  "6b61b822-44ba-45aa-a9a5-7718b1dad9c1": {
    "url": "db://assets/prefab/floor1_01.prefab",
    "value": {
      "depends": [
        "a8b48009-b815-49c9-865a-3b4422404b45@f9941",
        "4a7c68af-9f94-4400-ac50-e716a4a0fd23",
        "4a7c68af-9f94-4400-ac50-e716a4a0fd23"
      ]
    }
  },
  "863ac531-a985-4466-acd3-2772fc1a771e": {
    "url": "db://assets/jiaoben/home.ts",
    "value": {}
  },
  "583c3d03-cd8f-4463-84d1-75666a3ce4b8": {
    "url": "db://assets/jiaoben/ue.ts",
    "value": {}
  },
  "9db4b285-e0bc-4942-8fbf-dd63856c83d4": {
    "url": "db://assets/audio",
    "value": {}
  },
  "648bac33-7b33-4294-bc90-5321dd1bfb60": {
    "url": "db://assets/audio/touch.mp3",
    "value": {
      "depends": []
    }
  },
  "186f68c8-a243-44d8-852c-1a863f02f418": {
    "url": "db://assets/audio/bgm.mp3",
    "value": {
      "depends": []
    }
  },
  "02a38d7f-c905-42ff-8e5b-58a518bea054": {
    "url": "db://assets/jiaoben/touch.ts",
    "value": {}
  }
}
