{
  "__type__": "cc.SpriteFrame",
  "content": {
    "name": "ue",
    "atlas": "",
    "rect": {
      "x": 0,
      "y": 0,
      "width": 320,
      "height": 16
    },
    "offset": {
      "x": 0,
      "y": 0
    },
    "originalSize": {
      "width": 320,
      "height": 16
    },
    "rotated": false,
    "capInsets": [
      0,
      0,
      0,
      0
    ],
    "vertices": {
      "rawPosition": [
        -160,
        -8,
        0,
        160,
        -8,
        0,
        -160,
        8,
        0,
        160,
        8,
        0
      ],
      "indexes": [
        0,
        1,
        2,
        2,
        1,
        3
      ],
      "uv": [
        0,
        16,
        320,
        16,
        0,
        0,
        320,
        0
      ],
      "nuv": [
        0,
        0,
        1,
        0,
        0,
        1,
        1,
        1
      ],
      "minPos": {
        "x": -160,
        "y": -8,
        "z": 0
      },
      "maxPos": {
        "x": 160,
        "y": 8,
        "z": 0
      }
    },
    "texture": "7d785bd7-51a8-4926-9cea-af9bc4d71697@6c48a",
    "packable": true,
    "pixelsToUnit": 100,
    "pivot": {
      "x": 0.5,
      "y": 0.5
    },
    "meshType": 0
  }
}