[
  {
    "__type__": "cc.AnimationClip",
    "_name": "player",
    "_objFlags": 0,
    "__editorExtras__": {
      "embeddedPlayerGroups": []
    },
    "_native": "",
    "sample": 60,
    "speed": 1,
    "wrapMode": 2,
    "enableTrsBlending": false,
    "_duration": 0.13333333333333333,
    "_hash": 500763545,
    "_tracks": [
      {
        "__id__": 1
      }
    ],
    "_exoticAnimation": null,
    "_events": [],
    "_embeddedPlayers": []
  },
  {
    "__type__": "cc.animation.ObjectTrack",
    "_binding": {
      "__type__": "cc.animation.TrackBinding",
      "path": {
        "__id__": 2
      }
    },
    "_channel": {
      "__id__": 4
    }
  },
  {
    "__type__": "cc.animation.TrackPath",
    "_paths": [
      {
        "__id__": 3
      },
      "spriteFrame"
    ]
  },
  {
    "__type__": "cc.animation.ComponentPath",
    "component": "cc.Sprite"
  },
  {
    "__type__": "cc.animation.Channel",
    "_curve": {
      "__id__": 5
    }
  },
  {
    "__type__": "cc.ObjectCurve",
    "_times": [
      0.016666666666666666,
      0.03333333333333333,
      0.05,
      0.06666666666666667,
      0.08333333333333333,
      0.1,
      0.11666666666666667
    ],
    "_values": [
      {
        "__uuid__": "ff1a9856-d805-4c88-95bd-5ac7ca7e9656@f9941",
        "__expectedType__": "cc.SpriteFrame"
      },
      {
        "__uuid__": "3be8f24d-1635-4425-93e6-3c9709680c34@f9941",
        "__expectedType__": "cc.SpriteFrame"
      },
      {
        "__uuid__": "288a1824-e6e7-4a2b-b54f-da4abb031cc0@f9941",
        "__expectedType__": "cc.SpriteFrame"
      },
      {
        "__uuid__": "b21a579b-ba18-4fe9-aad8-571ee4c7d4fa@f9941",
        "__expectedType__": "cc.SpriteFrame"
      },
      {
        "__uuid__": "d239cefe-6bf9-4a0f-b490-4be08f459fc9@f9941",
        "__expectedType__": "cc.SpriteFrame"
      },
      {
        "__uuid__": "d78fdfc6-abd6-49a4-89d1-ea08fc68b2ca@f9941",
        "__expectedType__": "cc.SpriteFrame"
      },
      {
        "__uuid__": "51ebc2ae-1175-4958-9faa-1aa3c31f90cc@f9941",
        "__expectedType__": "cc.SpriteFrame"
      }
    ]
  }
]