[
  {
    "__type__": "cc.AnimationClip",
    "_name": "player",
    "_objFlags": 0,
    "__editorExtras__": {
      "embeddedPlayerGroups": []
    },
    "_native": "",
    "sample": 60,
    "speed": 1,
    "wrapMode": 2,
    "enableTrsBlending": false,
    "_duration": 0.016666666666666666,
    "_hash": 500763545,
    "_tracks": [
      {
        "__id__": 1
      }
    ],
    "_exoticAnimation": null,
    "_events": [],
    "_embeddedPlayers": []
  },
  {
    "__type__": "cc.animation.ObjectTrack",
    "_binding": {
      "__type__": "cc.animation.TrackBinding",
      "path": {
        "__id__": 2
      }
    },
    "_channel": {
      "__id__": 4
    }
  },
  {
    "__type__": "cc.animation.TrackPath",
    "_paths": [
      {
        "__id__": 3
      },
      "spriteFrame"
    ]
  },
  {
    "__type__": "cc.animation.ComponentPath",
    "component": "cc.Sprite"
  },
  {
    "__type__": "cc.animation.Channel",
    "_curve": {
      "__id__": 5
    }
  },
  {
    "__type__": "cc.ObjectCurve",
    "_times": [
      0
    ],
    "_values": [
      {
        "__uuid__": "abdf5bfe-d8cc-483f-b15d-231df668fdfc@f9941",
        "__expectedType__": "cc.SpriteFrame"
      }
    ]
  }
]