{
  "__type__": "cc.SpriteFrame",
  "content": {
    "name": "player_17",
    "atlas": "",
    "rect": {
      "x": 9,
      "y": 8,
      "width": 27,
      "height": 41
    },
    "offset": {
      "x": 2.5,
      "y": -3.5
    },
    "originalSize": {
      "width": 40,
      "height": 50
    },
    "rotated": false,
    "capInsets": [
      0,
      0,
      0,
      0
    ],
    "vertices": {
      "rawPosition": [
        -13.5,
        -20.5,
        0,
        13.5,
        -20.5,
        0,
        -13.5,
        20.5,
        0,
        13.5,
        20.5,
        0
      ],
      "indexes": [
        0,
        1,
        2,
        2,
        1,
        3
      ],
      "uv": [
        9,
        42,
        36,
        42,
        9,
        1,
        36,
        1
      ],
      "nuv": [
        0.225,
        0.02,
        0.9,
        0.02,
        0.225,
        0.84,
        0.9,
        0.84
      ],
      "minPos": {
        "x": -13.5,
        "y": -20.5,
        "z": 0
      },
      "maxPos": {
        "x": 13.5,
        "y": 20.5,
        "z": 0
      }
    },
    "texture": "b09a71fa-60c4-4043-a9f5-0cc928255b47@6c48a",
    "packable": true,
    "pixelsToUnit": 100,
    "pivot": {
      "x": 0.5,
      "y": 0.5
    },
    "meshType": 0
  }
}