{
  "__type__": "cc.SpriteFrame",
  "content": {
    "name": "player_16",
    "atlas": "",
    "rect": {
      "x": 9,
      "y": 8,
      "width": 19,
      "height": 41
    },
    "offset": {
      "x": -1.5,
      "y": -3.5
    },
    "originalSize": {
      "width": 40,
      "height": 50
    },
    "rotated": false,
    "capInsets": [
      0,
      0,
      0,
      0
    ],
    "vertices": {
      "rawPosition": [
        -9.5,
        -20.5,
        0,
        9.5,
        -20.5,
        0,
        -9.5,
        20.5,
        0,
        9.5,
        20.5,
        0
      ],
      "indexes": [
        0,
        1,
        2,
        2,
        1,
        3
      ],
      "uv": [
        9,
        42,
        28,
        42,
        9,
        1,
        28,
        1
      ],
      "nuv": [
        0.225,
        0.02,
        0.7,
        0.02,
        0.225,
        0.84,
        0.7,
        0.84
      ],
      "minPos": {
        "x": -9.5,
        "y": -20.5,
        "z": 0
      },
      "maxPos": {
        "x": 9.5,
        "y": 20.5,
        "z": 0
      }
    },
    "texture": "380ded59-0204-4eb2-b65c-32dc4ad330dc@6c48a",
    "packable": true,
    "pixelsToUnit": 100,
    "pivot": {
      "x": 0.5,
      "y": 0.5
    },
    "meshType": 0
  }
}