{
  "__type__": "cc.SpriteFrame",
  "content": {
    "name": "player_11",
    "atlas": "",
    "rect": {
      "x": 2,
      "y": 7,
      "width": 35,
      "height": 40
    },
    "offset": {
      "x": -0.5,
      "y": -2
    },
    "originalSize": {
      "width": 40,
      "height": 50
    },
    "rotated": false,
    "capInsets": [
      0,
      0,
      0,
      0
    ],
    "vertices": {
      "rawPosition": [
        -17.5,
        -20,
        0,
        17.5,
        -20,
        0,
        -17.5,
        20,
        0,
        17.5,
        20,
        0
      ],
      "indexes": [
        0,
        1,
        2,
        2,
        1,
        3
      ],
      "uv": [
        2,
        43,
        37,
        43,
        2,
        3,
        37,
        3
      ],
      "nuv": [
        0.05,
        0.06,
        0.925,
        0.06,
        0.05,
        0.86,
        0.925,
        0.86
      ],
      "minPos": {
        "x": -17.5,
        "y": -20,
        "z": 0
      },
      "maxPos": {
        "x": 17.5,
        "y": 20,
        "z": 0
      }
    },
    "texture": "af6fbadc-ebda-44e9-a198-dbe2b757a287@6c48a",
    "packable": true,
    "pixelsToUnit": 100,
    "pivot": {
      "x": 0.5,
      "y": 0.5
    },
    "meshType": 0
  }
}