[
  {
    "__type__": "cc.SceneAsset",
    "_name": "game",
    "_objFlags": 0,
    "_native": "",
    "scene": {
      "__id__": 1
    }
  },
  {
    "__type__": "cc.Scene",
    "_name": "game",
    "_objFlags": 0,
    "_parent": null,
    "_children": [
      {
        "__id__": 2
      }
    ],
    "_active": true,
    "_components": [],
    "_prefab": {
      "__id__": 49
    },
    "autoReleaseAssets": false,
    "_globals": {
      "__id__": 50
    },
    "_id": "1f076381-0b3c-43bf-895f-41501575d4a2"
  },
  {
    "__type__": "cc.Node",
    "_name": "Canvas",
    "_objFlags": 0,
    "_parent": {
      "__id__": 1
    },
    "_children": [
      {
        "__id__": 3
      },
      {
        "__id__": 6
      },
      {
        "__id__": 18
      },
      {
        "__id__": 25
      },
      {
        "__id__": 32
      },
      {
        "__id__": 36
      }
    ],
    "_active": true,
    "_components": [
      {
        "__id__": 44
      },
      {
        "__id__": 45
      },
      {
        "__id__": 46
      },
      {
        "__id__": 47
      },
      {
        "__id__": 48
      }
    ],
    "_prefab": null,
    "_lpos": {
      "__type__": "cc.Vec3",
      "x": 479.99999999999994,
      "y": 320.00000000000006,
      "z": 0
    },
    "_lrot": {
      "__type__": "cc.Quat",
      "x": 0,
      "y": 0,
      "z": 0,
      "w": 1
    },
    "_lscale": {
      "__type__": "cc.Vec3",
      "x": 1,
      "y": 1,
      "z": 1
    },
    "_layer": 33554432,
    "_euler": {
      "__type__": "cc.Vec3",
      "x": 0,
      "y": 0,
      "z": 0
    },
    "_id": "beI88Z2HpFELqR4T5EMHpg"
  },
  {
    "__type__": "cc.Node",
    "_name": "Camera",
    "_objFlags": 0,
    "__editorExtras__": {},
    "_parent": {
      "__id__": 2
    },
    "_children": [],
    "_active": true,
    "_components": [
      {
        "__id__": 4
      },
      {
        "__id__": 5
      }
    ],
    "_prefab": null,
    "_lpos": {
      "__type__": "cc.Vec3",
      "x": 0,
      "y": 0,
      "z": 1000
    },
    "_lrot": {
      "__type__": "cc.Quat",
      "x": 0,
      "y": 0,
      "z": 0,
      "w": 1
    },
    "_lscale": {
      "__type__": "cc.Vec3",
      "x": 1,
      "y": 1,
      "z": 1
    },
    "_layer": 33554432,
    "_euler": {
      "__type__": "cc.Vec3",
      "x": 0,
      "y": 0,
      "z": 0
    },
    "_id": "82Fq/yXr5Mabu+E/Bupn0o"
  },
  {
    "__type__": "cc.Camera",
    "_name": "Camera<CameraComponent>",
    "_objFlags": 0,
    "node": {
      "__id__": 3
    },
    "_enabled": true,
    "__prefab": null,
    "_projection": 0,
    "_priority": 0,
    "_fov": 45,
    "_fovAxis": 0,
    "_orthoHeight": 320,
    "_near": 0,
    "_far": 1000,
    "_color": {
      "__type__": "cc.Color",
      "r": 51,
      "g": 76,
      "b": 120,
      "a": 255
    },
    "_depth": 1,
    "_stencil": 0,
    "_clearFlags": 7,
    "_rect": {
      "__type__": "cc.Rect",
      "x": 0,
      "y": 0,
      "width": 1,
      "height": 1
    },
    "_aperture": 19,
    "_shutter": 7,
    "_iso": 0,
    "_screenScale": 1,
    "_visibility": 1108344832,
    "_targetTexture": null,
    "_cameraType": -1,
    "_trackingType": 0,
    "_id": "b4bsfkwhVD6roeEk+G3DQd"
  },
  {
    "__type__": "b7a8aayhzxMI7K8lX594tbd",
    "_name": "",
    "_objFlags": 0,
    "node": {
      "__id__": 3
    },
    "_enabled": true,
    "__prefab": null,
    "_id": "bd7B0/ZIhByoPSHTf6T/eW"
  },
  {
    "__type__": "cc.Node",
    "_name": "bg",
    "_objFlags": 0,
    "_parent": {
      "__id__": 2
    },
    "_children": [
      {
        "__id__": 7
      },
      {
        "__id__": 11
      }
    ],
    "_active": true,
    "_components": [
      {
        "__id__": 15
      },
      {
        "__id__": 16
      },
      {
        "__id__": 17
      }
    ],
    "_prefab": null,
    "_lpos": {
      "__type__": "cc.Vec3",
      "x": 0,
      "y": 0,
      "z": 0
    },
    "_lrot": {
      "__type__": "cc.Quat",
      "x": 0,
      "y": 0,
      "z": 0,
      "w": 1
    },
    "_lscale": {
      "__type__": "cc.Vec3",
      "x": 1,
      "y": 1,
      "z": 1
    },
    "_layer": 33554432,
    "_euler": {
      "__type__": "cc.Vec3",
      "x": 0,
      "y": 0,
      "z": 0
    },
    "_id": "bflnjaZnxDnpEJX6/rF//o"
  },
  {
    "__type__": "cc.Node",
    "_name": "back1",
    "_objFlags": 0,
    "_parent": {
      "__id__": 6
    },
    "_children": [],
    "_active": true,
    "_components": [
      {
        "__id__": 8
      },
      {
        "__id__": 9
      },
      {
        "__id__": 10
      }
    ],
    "_prefab": null,
    "_lpos": {
      "__type__": "cc.Vec3",
      "x": 0,
      "y": 0,
      "z": 0
    },
    "_lrot": {
      "__type__": "cc.Quat",
      "x": 0,
      "y": 0,
      "z": 0,
      "w": 1
    },
    "_lscale": {
      "__type__": "cc.Vec3",
      "x": 1,
      "y": 1,
      "z": 1
    },
    "_layer": 33554432,
    "_euler": {
      "__type__": "cc.Vec3",
      "x": 0,
      "y": 0,
      "z": 0
    },
    "_id": "753URVPvNM5r5q6/lISvp2"
  },
  {
    "__type__": "cc.UITransform",
    "_name": "",
    "_objFlags": 0,
    "node": {
      "__id__": 7
    },
    "_enabled": true,
    "__prefab": null,
    "_contentSize": {
      "__type__": "cc.Size",
      "width": 960,
      "height": 3000
    },
    "_anchorPoint": {
      "__type__": "cc.Vec2",
      "x": 0.5,
      "y": 0.5
    },
    "_id": "6esoq2zg1Od5oVA1itVBTw"
  },
  {
    "__type__": "cc.Sprite",
    "_name": "",
    "_objFlags": 0,
    "node": {
      "__id__": 7
    },
    "_enabled": true,
    "__prefab": null,
    "_customMaterial": null,
    "_srcBlendFactor": 2,
    "_dstBlendFactor": 4,
    "_color": {
      "__type__": "cc.Color",
      "r": 255,
      "g": 255,
      "b": 255,
      "a": 255
    },
    "_spriteFrame": {
      "__uuid__": "ec0f22d6-ce05-437e-9803-a59d71372578@f9941",
      "__expectedType__": "cc.SpriteFrame"
    },
    "_type": 0,
    "_fillType": 0,
    "_sizeMode": 0,
    "_fillCenter": {
      "__type__": "cc.Vec2",
      "x": 0,
      "y": 0
    },
    "_fillStart": 0,
    "_fillRange": 0,
    "_isTrimmedMode": true,
    "_useGrayscale": true,
    "_atlas": null,
    "_id": "d0AXPThZtJvbT8zofkwkJG"
  },
  {
    "__type__": "cc.Widget",
    "_name": "",
    "_objFlags": 0,
    "node": {
      "__id__": 7
    },
    "_enabled": true,
    "__prefab": null,
    "_alignFlags": 45,
    "_target": null,
    "_left": 1.0658141036401503e-14,
    "_right": -1.0658141036401503e-14,
    "_top": -1180,
    "_bottom": -1180,
    "_horizontalCenter": 0,
    "_verticalCenter": 0,
    "_isAbsLeft": true,
    "_isAbsRight": true,
    "_isAbsTop": true,
    "_isAbsBottom": true,
    "_isAbsHorizontalCenter": true,
    "_isAbsVerticalCenter": true,
    "_originalWidth": 960,
    "_originalHeight": 960,
    "_alignMode": 2,
    "_lockFlags": 0,
    "_id": "e8V8/FOHFNFoAqCgSddJAz"
  },
  {
    "__type__": "cc.Node",
    "_name": "back2",
    "_objFlags": 0,
    "_parent": {
      "__id__": 6
    },
    "_children": [],
    "_active": true,
    "_components": [
      {
        "__id__": 12
      },
      {
        "__id__": 13
      },
      {
        "__id__": 14
      }
    ],
    "_prefab": null,
    "_lpos": {
      "__type__": "cc.Vec3",
      "x": 0,
      "y": -3000,
      "z": 0
    },
    "_lrot": {
      "__type__": "cc.Quat",
      "x": 0,
      "y": 0,
      "z": 0,
      "w": 1
    },
    "_lscale": {
      "__type__": "cc.Vec3",
      "x": 1,
      "y": 1,
      "z": 1
    },
    "_layer": 33554432,
    "_euler": {
      "__type__": "cc.Vec3",
      "x": 0,
      "y": 0,
      "z": 0
    },
    "_id": "97GN25qT1HiJGk2tsYHdic"
  },
  {
    "__type__": "cc.UITransform",
    "_name": "",
    "_objFlags": 0,
    "node": {
      "__id__": 11
    },
    "_enabled": true,
    "__prefab": null,
    "_contentSize": {
      "__type__": "cc.Size",
      "width": 960,
      "height": 3000
    },
    "_anchorPoint": {
      "__type__": "cc.Vec2",
      "x": 0.5,
      "y": 0.5
    },
    "_id": "79JEpzVepDhIIRP8oORjnX"
  },
  {
    "__type__": "cc.Sprite",
    "_name": "",
    "_objFlags": 0,
    "node": {
      "__id__": 11
    },
    "_enabled": true,
    "__prefab": null,
    "_customMaterial": null,
    "_srcBlendFactor": 2,
    "_dstBlendFactor": 4,
    "_color": {
      "__type__": "cc.Color",
      "r": 255,
      "g": 255,
      "b": 255,
      "a": 255
    },
    "_spriteFrame": {
      "__uuid__": "ec0f22d6-ce05-437e-9803-a59d71372578@f9941",
      "__expectedType__": "cc.SpriteFrame"
    },
    "_type": 0,
    "_fillType": 0,
    "_sizeMode": 0,
    "_fillCenter": {
      "__type__": "cc.Vec2",
      "x": 0,
      "y": 0
    },
    "_fillStart": 0,
    "_fillRange": 0,
    "_isTrimmedMode": true,
    "_useGrayscale": false,
    "_atlas": null,
    "_id": "e87YQwx1hCTI/Ad+OlEfPF"
  },
  {
    "__type__": "cc.Widget",
    "_name": "",
    "_objFlags": 0,
    "node": {
      "__id__": 11
    },
    "_enabled": true,
    "__prefab": null,
    "_alignFlags": 45,
    "_target": null,
    "_left": -1.2434497875801753e-14,
    "_right": 1.2434497875801753e-14,
    "_top": 1820,
    "_bottom": -4180,
    "_horizontalCenter": 0,
    "_verticalCenter": 0,
    "_isAbsLeft": true,
    "_isAbsRight": true,
    "_isAbsTop": true,
    "_isAbsBottom": true,
    "_isAbsHorizontalCenter": true,
    "_isAbsVerticalCenter": true,
    "_originalWidth": 320,
    "_originalHeight": 504,
    "_alignMode": 2,
    "_lockFlags": 0,
    "_id": "5dhyve/A1O37JcRXKOSbzw"
  },
  {
    "__type__": "cc.UITransform",
    "_name": "",
    "_objFlags": 0,
    "node": {
      "__id__": 6
    },
    "_enabled": true,
    "__prefab": null,
    "_contentSize": {
      "__type__": "cc.Size",
      "width": 960,
      "height": 640
    },
    "_anchorPoint": {
      "__type__": "cc.Vec2",
      "x": 0.5,
      "y": 0.5
    },
    "_id": "daXeGWsJRHypYCX+uNsK7J"
  },
  {
    "__type__": "cc.Widget",
    "_name": "",
    "_objFlags": 0,
    "node": {
      "__id__": 6
    },
    "_enabled": true,
    "__prefab": null,
    "_alignFlags": 45,
    "_target": null,
    "_left": 0,
    "_right": 0,
    "_top": 0,
    "_bottom": 0,
    "_horizontalCenter": 0,
    "_verticalCenter": 0,
    "_isAbsLeft": true,
    "_isAbsRight": true,
    "_isAbsTop": true,
    "_isAbsBottom": true,
    "_isAbsHorizontalCenter": true,
    "_isAbsVerticalCenter": true,
    "_originalWidth": 100,
    "_originalHeight": 100,
    "_alignMode": 2,
    "_lockFlags": 0,
    "_id": "92eWNDTGhCoJkgLdkBYHqs"
  },
  {
    "__type__": "b7a8aayhzxMI7K8lX594tbd",
    "_name": "",
    "_objFlags": 0,
    "node": {
      "__id__": 6
    },
    "_enabled": true,
    "__prefab": null,
    "_id": "97UeuQAdtEEIrBE0EtHKdi"
  },
  {
    "__type__": "cc.Node",
    "_name": "ball",
    "_objFlags": 0,
    "_parent": {
      "__id__": 2
    },
    "_children": [],
    "_active": true,
    "_components": [
      {
        "__id__": 19
      },
      {
        "__id__": 20
      },
      {
        "__id__": 21
      },
      {
        "__id__": 22
      },
      {
        "__id__": 23
      },
      {
        "__id__": 24
      }
    ],
    "_prefab": null,
    "_lpos": {
      "__type__": "cc.Vec3",
      "x": 0,
      "y": 701.625,
      "z": 0
    },
    "_lrot": {
      "__type__": "cc.Quat",
      "x": 0,
      "y": 0,
      "z": 0,
      "w": 1
    },
    "_lscale": {
      "__type__": "cc.Vec3",
      "x": 1,
      "y": 1,
      "z": 1
    },
    "_layer": 33554432,
    "_euler": {
      "__type__": "cc.Vec3",
      "x": 0,
      "y": 0,
      "z": 0
    },
    "_id": "4b0M0p82hFc78bTBUQ71Sx"
  },
  {
    "__type__": "cc.UITransform",
    "_name": "",
    "_objFlags": 0,
    "node": {
      "__id__": 18
    },
    "_enabled": true,
    "__prefab": null,
    "_contentSize": {
      "__type__": "cc.Size",
      "width": 54,
      "height": 54
    },
    "_anchorPoint": {
      "__type__": "cc.Vec2",
      "x": 0.5,
      "y": 0.5
    },
    "_id": "d4/5UC7VdBerJeuAWUb+ri"
  },
  {
    "__type__": "cc.Sprite",
    "_name": "",
    "_objFlags": 0,
    "node": {
      "__id__": 18
    },
    "_enabled": true,
    "__prefab": null,
    "_customMaterial": null,
    "_srcBlendFactor": 2,
    "_dstBlendFactor": 4,
    "_color": {
      "__type__": "cc.Color",
      "r": 255,
      "g": 255,
      "b": 255,
      "a": 255
    },
    "_spriteFrame": {
      "__uuid__": "23f6c8d1-89aa-448d-9bb4-63a9cdbc547d@f9941",
      "__expectedType__": "cc.SpriteFrame"
    },
    "_type": 0,
    "_fillType": 0,
    "_sizeMode": 1,
    "_fillCenter": {
      "__type__": "cc.Vec2",
      "x": 0,
      "y": 0
    },
    "_fillStart": 0,
    "_fillRange": 0,
    "_isTrimmedMode": true,
    "_useGrayscale": false,
    "_atlas": null,
    "_id": "64Li9TsadDnb1EMx9NyZhb"
  },
  {
    "__type__": "cc.RigidBody2D",
    "_name": "",
    "_objFlags": 0,
    "node": {
      "__id__": 18
    },
    "_enabled": true,
    "__prefab": null,
    "enabledContactListener": true,
    "bullet": false,
    "awakeOnLoad": true,
    "_group": 1,
    "_type": 2,
    "_allowSleep": true,
    "_gravityScale": 1,
    "_linearDamping": 0,
    "_angularDamping": 0,
    "_linearVelocity": {
      "__type__": "cc.Vec2",
      "x": 0,
      "y": 0
    },
    "_angularVelocity": 0,
    "_fixedRotation": false,
    "_id": "42EjoYTixFmYVBij9Hg9UN"
  },
  {
    "__type__": "cc.CircleCollider2D",
    "_name": "",
    "_objFlags": 0,
    "node": {
      "__id__": 18
    },
    "_enabled": true,
    "__prefab": null,
    "tag": 0,
    "_group": 1,
    "_density": 1,
    "_sensor": false,
    "_friction": 0.2,
    "_restitution": 0,
    "_offset": {
      "__type__": "cc.Vec2",
      "x": 0,
      "y": 0
    },
    "_radius": 27,
    "_id": "e5h9BExH5FBYMza8+s4yUN"
  },
  {
    "__type__": "cc.AudioSource",
    "_name": "",
    "_objFlags": 0,
    "node": {
      "__id__": 18
    },
    "_enabled": true,
    "__prefab": null,
    "_clip": {
      "__uuid__": "648bac33-7b33-4294-bc90-5321dd1bfb60",
      "__expectedType__": "cc.AudioClip"
    },
    "_loop": false,
    "_playOnAwake": false,
    "_volume": 1,
    "_id": "8f2DFVM4FELajyCqpS54RY"
  },
  {
    "__type__": "02a381/yQVC/45bWKUYvqBU",
    "_name": "",
    "_objFlags": 0,
    "node": {
      "__id__": 18
    },
    "_enabled": true,
    "__prefab": null,
    "_id": "15ECVQHt1MFKOBQPNqji0W"
  },
  {
    "__type__": "cc.Node",
    "_name": "ue",
    "_objFlags": 0,
    "_parent": {
      "__id__": 2
    },
    "_children": [],
    "_active": true,
    "_components": [
      {
        "__id__": 26
      },
      {
        "__id__": 27
      },
      {
        "__id__": 28
      },
      {
        "__id__": 29
      },
      {
        "__id__": 30
      },
      {
        "__id__": 31
      }
    ],
    "_prefab": null,
    "_lpos": {
      "__type__": "cc.Vec3",
      "x": 2.113999999999976,
      "y": 830,
      "z": 0
    },
    "_lrot": {
      "__type__": "cc.Quat",
      "x": 0,
      "y": 0,
      "z": 0,
      "w": 1
    },
    "_lscale": {
      "__type__": "cc.Vec3",
      "x": 1,
      "y": 1,
      "z": 1
    },
    "_layer": 33554432,
    "_euler": {
      "__type__": "cc.Vec3",
      "x": 0,
      "y": 0,
      "z": 0
    },
    "_id": "c7MIUj3FpHJKYIJu+DVnBc"
  },
  {
    "__type__": "cc.UITransform",
    "_name": "",
    "_objFlags": 0,
    "node": {
      "__id__": 25
    },
    "_enabled": true,
    "__prefab": null,
    "_contentSize": {
      "__type__": "cc.Size",
      "width": 960,
      "height": 15.99999999999909
    },
    "_anchorPoint": {
      "__type__": "cc.Vec2",
      "x": 0.5,
      "y": 0.5
    },
    "_id": "8a0aof5zpC7asAk9r4yHvU"
  },
  {
    "__type__": "cc.Sprite",
    "_name": "",
    "_objFlags": 0,
    "node": {
      "__id__": 25
    },
    "_enabled": true,
    "__prefab": null,
    "_customMaterial": null,
    "_srcBlendFactor": 2,
    "_dstBlendFactor": 4,
    "_color": {
      "__type__": "cc.Color",
      "r": 255,
      "g": 255,
      "b": 255,
      "a": 255
    },
    "_spriteFrame": {
      "__uuid__": "7d785bd7-51a8-4926-9cea-af9bc4d71697@f9941",
      "__expectedType__": "cc.SpriteFrame"
    },
    "_type": 0,
    "_fillType": 0,
    "_sizeMode": 0,
    "_fillCenter": {
      "__type__": "cc.Vec2",
      "x": 0,
      "y": 0
    },
    "_fillStart": 0,
    "_fillRange": 0,
    "_isTrimmedMode": true,
    "_useGrayscale": false,
    "_atlas": null,
    "_id": "33cEOLdIdHPJ7IVzOAYW2d"
  },
  {
    "__type__": "cc.Widget",
    "_name": "",
    "_objFlags": 0,
    "node": {
      "__id__": 25
    },
    "_enabled": true,
    "__prefab": null,
    "_alignFlags": 45,
    "_target": null,
    "_left": 2.114,
    "_right": -2.114,
    "_top": -517.9999999999995,
    "_bottom": 1142.0000000000005,
    "_horizontalCenter": 0,
    "_verticalCenter": 0,
    "_isAbsLeft": true,
    "_isAbsRight": true,
    "_isAbsTop": true,
    "_isAbsBottom": true,
    "_isAbsHorizontalCenter": true,
    "_isAbsVerticalCenter": true,
    "_originalWidth": 320,
    "_originalHeight": 16,
    "_alignMode": 2,
    "_lockFlags": 0,
    "_id": "fc8d3apvZMK5v8rQrcIvQD"
  },
  {
    "__type__": "cc.RigidBody2D",
    "_name": "",
    "_objFlags": 0,
    "node": {
      "__id__": 25
    },
    "_enabled": true,
    "__prefab": null,
    "enabledContactListener": true,
    "bullet": false,
    "awakeOnLoad": true,
    "_group": 1,
    "_type": 0,
    "_allowSleep": true,
    "_gravityScale": 1,
    "_linearDamping": 0,
    "_angularDamping": 0,
    "_linearVelocity": {
      "__type__": "cc.Vec2",
      "x": 0,
      "y": 0
    },
    "_angularVelocity": 0,
    "_fixedRotation": false,
    "_id": "37pZAK/atGhLe5Md2UCxuL"
  },
  {
    "__type__": "cc.BoxCollider2D",
    "_name": "",
    "_objFlags": 0,
    "node": {
      "__id__": 25
    },
    "_enabled": true,
    "__prefab": null,
    "tag": 0,
    "_group": 1,
    "_density": 1,
    "_sensor": false,
    "_friction": 0.2,
    "_restitution": 0,
    "_offset": {
      "__type__": "cc.Vec2",
      "x": 0,
      "y": 0
    },
    "_size": {
      "__type__": "cc.Size",
      "width": 960,
      "height": 15.99999999999909
    },
    "_id": "91zYh3cz1IL6La5z4VK3us"
  },
  {
    "__type__": "583c30DzY9EY4TRdWZqPOS4",
    "_name": "",
    "_objFlags": 0,
    "node": {
      "__id__": 25
    },
    "_enabled": true,
    "__prefab": null,
    "_id": "12G7JxBiVBr56AXW6uKW9E"
  },
  {
    "__type__": "cc.Node",
    "_name": "score",
    "_objFlags": 0,
    "_parent": {
      "__id__": 2
    },
    "_children": [],
    "_active": true,
    "_components": [
      {
        "__id__": 33
      },
      {
        "__id__": 34
      },
      {
        "__id__": 35
      }
    ],
    "_prefab": null,
    "_lpos": {
      "__type__": "cc.Vec3",
      "x": 404.052,
      "y": 729.027,
      "z": 0
    },
    "_lrot": {
      "__type__": "cc.Quat",
      "x": 0,
      "y": 0,
      "z": 0,
      "w": 1
    },
    "_lscale": {
      "__type__": "cc.Vec3",
      "x": 1,
      "y": 1,
      "z": 1
    },
    "_layer": 33554432,
    "_euler": {
      "__type__": "cc.Vec3",
      "x": 0,
      "y": 0,
      "z": 0
    },
    "_id": "bbhOpoNo1Lk7noLLsqvM5A"
  },
  {
    "__type__": "cc.UITransform",
    "_name": "",
    "_objFlags": 0,
    "node": {
      "__id__": 32
    },
    "_enabled": true,
    "__prefab": null,
    "_contentSize": {
      "__type__": "cc.Size",
      "width": 55.62,
      "height": 126
    },
    "_anchorPoint": {
      "__type__": "cc.Vec2",
      "x": 0.5,
      "y": 0.5
    },
    "_id": "0anAo6tydHY5GBjebFTLC4"
  },
  {
    "__type__": "cc.Label",
    "_name": "",
    "_objFlags": 0,
    "node": {
      "__id__": 32
    },
    "_enabled": true,
    "__prefab": null,
    "_customMaterial": null,
    "_srcBlendFactor": 2,
    "_dstBlendFactor": 4,
    "_color": {
      "__type__": "cc.Color",
      "r": 180,
      "g": 13,
      "b": 13,
      "a": 255
    },
    "_string": "0",
    "_horizontalAlign": 1,
    "_verticalAlign": 1,
    "_actualFontSize": 100,
    "_fontSize": 100,
    "_fontFamily": "Arial",
    "_lineHeight": 100,
    "_overflow": 0,
    "_enableWrapText": true,
    "_font": null,
    "_isSystemFontUsed": true,
    "_spacingX": 0,
    "_isItalic": false,
    "_isBold": false,
    "_isUnderline": false,
    "_underlineHeight": 2,
    "_cacheMode": 0,
    "_id": "32jfUOcEpD34TvNb/DOXjw"
  },
  {
    "__type__": "66135fl7tlCabFQ79nDDhfD",
    "_name": "",
    "_objFlags": 0,
    "node": {
      "__id__": 32
    },
    "_enabled": true,
    "__prefab": null,
    "_id": "54d+nDKyFItpa+KECziPbH"
  },
  {
    "__type__": "cc.Node",
    "_objFlags": 0,
    "_parent": {
      "__id__": 2
    },
    "_prefab": {
      "__id__": 37
    },
    "__editorExtras__": {}
  },
  {
    "__type__": "cc.PrefabInfo",
    "root": {
      "__id__": 36
    },
    "asset": {
      "__uuid__": "0078de6c-afce-4d42-9ec0-1aedd2f47565",
      "__expectedType__": "cc.Prefab"
    },
    "fileId": "cakD8I+pFNt5KdhYP6AQhU",
    "instance": {
      "__id__": 38
    }
  },
  {
    "__type__": "cc.PrefabInstance",
    "fileId": "f6vQ7S9cxOw7sSJtnH+rzo",
    "mountedChildren": [],
    "mountedComponents": [],
    "propertyOverrides": [
      {
        "__id__": 39
      },
      {
        "__id__": 41
      },
      {
        "__id__": 42
      },
      {
        "__id__": 43
      }
    ],
    "removedComponents": []
  },
  {
    "__type__": "CCPropertyOverrideInfo",
    "targetInfo": {
      "__id__": 40
    },
    "propertyPath": [
      "_name"
    ],
    "value": "floor0"
  },
  {
    "__type__": "cc.TargetInfo",
    "localID": [
      "cakD8I+pFNt5KdhYP6AQhU"
    ]
  },
  {
    "__type__": "CCPropertyOverrideInfo",
    "targetInfo": {
      "__id__": 40
    },
    "propertyPath": [
      "_lpos"
    ],
    "value": {
      "__type__": "cc.Vec3",
      "x": 0,
      "y": -131.212,
      "z": 0
    }
  },
  {
    "__type__": "CCPropertyOverrideInfo",
    "targetInfo": {
      "__id__": 40
    },
    "propertyPath": [
      "_lrot"
    ],
    "value": {
      "__type__": "cc.Quat",
      "x": 0,
      "y": 0,
      "z": 0,
      "w": 1
    }
  },
  {
    "__type__": "CCPropertyOverrideInfo",
    "targetInfo": {
      "__id__": 40
    },
    "propertyPath": [
      "_euler"
    ],
    "value": {
      "__type__": "cc.Vec3",
      "x": 0,
      "y": 0,
      "z": 0
    }
  },
  {
    "__type__": "cc.UITransform",
    "_name": "",
    "_objFlags": 0,
    "node": {
      "__id__": 2
    },
    "_enabled": true,
    "__prefab": null,
    "_contentSize": {
      "__type__": "cc.Size",
      "width": 960,
      "height": 640
    },
    "_anchorPoint": {
      "__type__": "cc.Vec2",
      "x": 0.5,
      "y": 0.5
    },
    "_id": "d6rUX5yfhMlKoWX2bSbawx"
  },
  {
    "__type__": "cc.Canvas",
    "_name": "",
    "_objFlags": 0,
    "node": {
      "__id__": 2
    },
    "_enabled": true,
    "__prefab": null,
    "_cameraComponent": {
      "__id__": 4
    },
    "_alignCanvasWithScreen": true,
    "_id": "12O/ljcVlEqLmVm3U2gEOQ"
  },
  {
    "__type__": "cc.Widget",
    "_name": "",
    "_objFlags": 0,
    "node": {
      "__id__": 2
    },
    "_enabled": true,
    "__prefab": null,
    "_alignFlags": 45,
    "_target": null,
    "_left": -5.684341886080802e-14,
    "_right": -5.684341886080802e-14,
    "_top": 5.684341886080802e-14,
    "_bottom": 5.684341886080802e-14,
    "_horizontalCenter": 0,
    "_verticalCenter": 0,
    "_isAbsLeft": true,
    "_isAbsRight": true,
    "_isAbsTop": true,
    "_isAbsBottom": true,
    "_isAbsHorizontalCenter": true,
    "_isAbsVerticalCenter": true,
    "_originalWidth": 0,
    "_originalHeight": 0,
    "_alignMode": 2,
    "_lockFlags": 0,
    "_id": "c5V1EV8IpMtrIvY1OE9t2u"
  },
  {
    "__type__": "3d7861crANAIL/qNPzRbFRx",
    "_name": "",
    "_objFlags": 0,
    "node": {
      "__id__": 2
    },
    "_enabled": true,
    "__prefab": null,
    "floors": [
      {
        "__uuid__": "0078de6c-afce-4d42-9ec0-1aedd2f47565",
        "__expectedType__": "cc.Prefab"
      },
      {
        "__uuid__": "6b61b822-44ba-45aa-a9a5-7718b1dad9c1",
        "__expectedType__": "cc.Prefab"
      },
      {
        "__uuid__": "ae62432d-0636-4fba-90f2-d0350ab5057b",
        "__expectedType__": "cc.Prefab"
      },
      {
        "__uuid__": "6b39372b-64da-49ab-9bf8-98884a0d7f52",
        "__expectedType__": "cc.Prefab"
      },
      {
        "__uuid__": "6d44a0d0-d44c-4216-a4f3-077b4e2cb808",
        "__expectedType__": "cc.Prefab"
      },
      {
        "__uuid__": "398c0f99-2110-4d3d-9ade-cb1153120c3c",
        "__expectedType__": "cc.Prefab"
      },
      {
        "__uuid__": "19e9bd8c-3f4d-45e0-8176-c8f4b08891bb",
        "__expectedType__": "cc.Prefab"
      }
    ],
    "_id": "66DwUyXShHfrp9ipw7+rWY"
  },
  {
    "__type__": "cc.AudioSource",
    "_name": "",
    "_objFlags": 0,
    "node": {
      "__id__": 2
    },
    "_enabled": true,
    "__prefab": null,
    "_clip": {
      "__uuid__": "186f68c8-a243-44d8-852c-1a863f02f418",
      "__expectedType__": "cc.AudioClip"
    },
    "_loop": true,
    "_playOnAwake": true,
    "_volume": 1,
    "_id": "37NLhVm2tEwI45LfYnmCfS"
  },
  {
    "__type__": "cc.PrefabInfo",
    "fileId": "1f076381-0b3c-43bf-895f-41501575d4a2",
    "nestedPrefabInstanceRoots": [
      {
        "__id__": 36
      }
    ]
  },
  {
    "__type__": "cc.SceneGlobals",
    "ambient": {
      "__id__": 51
    },
    "shadows": {
      "__id__": 52
    },
    "_skybox": {
      "__id__": 53
    },
    "fog": {
      "__id__": 54
    },
    "octree": {
      "__id__": 55
    }
  },
  {
    "__type__": "cc.AmbientInfo",
    "_skyColorHDR": {
      "__type__": "cc.Vec4",
      "x": 0,
      "y": 0,
      "z": 0,
      "w": 0.520833125
    },
    "_skyColor": {
      "__type__": "cc.Vec4",
      "x": 0,
      "y": 0,
      "z": 0,
      "w": 0.520833125
    },
    "_skyIllumHDR": 20000,
    "_skyIllum": 20000,
    "_groundAlbedoHDR": {
      "__type__": "cc.Vec4",
      "x": 0,
      "y": 0,
      "z": 0,
      "w": 0
    },
    "_groundAlbedo": {
      "__type__": "cc.Vec4",
      "x": 0,
      "y": 0,
      "z": 0,
      "w": 0
    },
    "_skyColorLDR": {
      "__type__": "cc.Vec4",
      "x": 0.2,
      "y": 0.5,
      "z": 0.8,
      "w": 1
    },
    "_skyIllumLDR": 20000,
    "_groundAlbedoLDR": {
      "__type__": "cc.Vec4",
      "x": 0.2,
      "y": 0.2,
      "z": 0.2,
      "w": 1
    }
  },
  {
    "__type__": "cc.ShadowsInfo",
    "_enabled": false,
    "_type": 0,
    "_normal": {
      "__type__": "cc.Vec3",
      "x": 0,
      "y": 1,
      "z": 0
    },
    "_distance": 0,
    "_shadowColor": {
      "__type__": "cc.Color",
      "r": 76,
      "g": 76,
      "b": 76,
      "a": 255
    },
    "_maxReceived": 4,
    "_size": {
      "__type__": "cc.Vec2",
      "x": 512,
      "y": 512
    }
  },
  {
    "__type__": "cc.SkyboxInfo",
    "_envLightingType": 0,
    "_envmapHDR": null,
    "_envmap": null,
    "_envmapLDR": null,
    "_diffuseMapHDR": null,
    "_diffuseMapLDR": null,
    "_enabled": false,
    "_useHDR": true,
    "_editableMaterial": null,
    "_reflectionHDR": null,
    "_reflectionLDR": null,
    "_rotationAngle": 0
  },
  {
    "__type__": "cc.FogInfo",
    "_type": 0,
    "_fogColor": {
      "__type__": "cc.Color",
      "r": 200,
      "g": 200,
      "b": 200,
      "a": 255
    },
    "_enabled": false,
    "_fogDensity": 0.3,
    "_fogStart": 0.5,
    "_fogEnd": 300,
    "_fogAtten": 5,
    "_fogTop": 1.5,
    "_fogRange": 1.2,
    "_accurate": false
  },
  {
    "__type__": "cc.OctreeInfo",
    "_enabled": false,
    "_minPos": {
      "__type__": "cc.Vec3",
      "x": -1024,
      "y": -1024,
      "z": -1024
    },
    "_maxPos": {
      "__type__": "cc.Vec3",
      "x": 1024,
      "y": 1024,
      "z": 1024
    },
    "_depth": 8
  }
]