{
  "__type__": "cc.SpriteFrame",
  "content": {
    "name": "player_03",
    "atlas": "",
    "rect": {
      "x": 1,
      "y": 9,
      "width": 36,
      "height": 39
    },
    "offset": {
      "x": -1,
      "y": -3.5
    },
    "originalSize": {
      "width": 40,
      "height": 50
    },
    "rotated": false,
    "capInsets": [
      0,
      0,
      0,
      0
    ],
    "vertices": {
      "rawPosition": [
        -18,
        -19.5,
        0,
        18,
        -19.5,
        0,
        -18,
        19.5,
        0,
        18,
        19.5,
        0
      ],
      "indexes": [
        0,
        1,
        2,
        2,
        1,
        3
      ],
      "uv": [
        1,
        41,
        37,
        41,
        1,
        2,
        37,
        2
      ],
      "nuv": [
        0.025,
        0.04,
        0.925,
        0.04,
        0.025,
        0.82,
        0.925,
        0.82
      ],
      "minPos": {
        "x": -18,
        "y": -19.5,
        "z": 0
      },
      "maxPos": {
        "x": 18,
        "y": 19.5,
        "z": 0
      }
    },
    "texture": "ddab53cd-827d-4a85-8072-9b886b3866e9@6c48a",
    "packable": true,
    "pixelsToUnit": 100,
    "pivot": {
      "x": 0.5,
      "y": 0.5
    },
    "meshType": 0
  }
}