{
  "__type__": "cc.SpriteFrame",
  "content": {
    "name": "player_18",
    "atlas": "",
    "rect": {
      "x": 3,
      "y": 8,
      "width": 36,
      "height": 40
    },
    "offset": {
      "x": 1,
      "y": -3
    },
    "originalSize": {
      "width": 40,
      "height": 50
    },
    "rotated": false,
    "capInsets": [
      0,
      0,
      0,
      0
    ],
    "vertices": {
      "rawPosition": [
        -18,
        -20,
        0,
        18,
        -20,
        0,
        -18,
        20,
        0,
        18,
        20,
        0
      ],
      "indexes": [
        0,
        1,
        2,
        2,
        1,
        3
      ],
      "uv": [
        3,
        42,
        39,
        42,
        3,
        2,
        39,
        2
      ],
      "nuv": [
        0.075,
        0.04,
        0.975,
        0.04,
        0.075,
        0.84,
        0.975,
        0.84
      ],
      "minPos": {
        "x": -18,
        "y": -20,
        "z": 0
      },
      "maxPos": {
        "x": 18,
        "y": 20,
        "z": 0
      }
    },
    "texture": "3cd7b630-1047-4044-805a-d53daf5b2946@6c48a",
    "packable": true,
    "pixelsToUnit": 100,
    "pivot": {
      "x": 0.5,
      "y": 0.5
    },
    "meshType": 0
  }
}