[
  {
    "__type__": "cc.AnimationClip",
    "_name": "floor2",
    "_objFlags": 0,
    "__editorExtras__": {
      "embeddedPlayerGroups": []
    },
    "_native": "",
    "sample": 60,
    "speed": 0.5,
    "wrapMode": 1,
    "enableTrsBlending": false,
    "_duration": 0.1,
    "_hash": 500763545,
    "_tracks": [
      {
        "__id__": 1
      }
    ],
    "_exoticAnimation": null,
    "_events": [],
    "_embeddedPlayers": []
  },
  {
    "__type__": "cc.animation.ObjectTrack",
    "_binding": {
      "__type__": "cc.animation.TrackBinding",
      "path": {
        "__id__": 2
      }
    },
    "_channel": {
      "__id__": 4
    }
  },
  {
    "__type__": "cc.animation.TrackPath",
    "_paths": [
      {
        "__id__": 3
      },
      "spriteFrame"
    ]
  },
  {
    "__type__": "cc.animation.ComponentPath",
    "component": "cc.Sprite"
  },
  {
    "__type__": "cc.animation.Channel",
    "_curve": {
      "__id__": 5
    }
  },
  {
    "__type__": "cc.ObjectCurve",
    "_times": [
      0,
      0.08333333333333333
    ],
    "_values": [
      {
        "__uuid__": "8893af23-33bc-4729-9644-02e4566bfc41@f9941",
        "__expectedType__": "cc.SpriteFrame"
      },
      {
        "__uuid__": "60460a36-16ea-4afa-bc23-4f50e2084822@f9941",
        "__expectedType__": "cc.SpriteFrame"
      }
    ]
  }
]