{
  "__type__": "cc.SpriteFrame",
  "content": {
    "name": "floor2_02",
    "atlas": "",
    "rect": {
      "x": 0,
      "y": 9,
      "width": 99,
      "height": 11
    },
    "offset": {
      "x": -0.5,
      "y": -4.5
    },
    "originalSize": {
      "width": 100,
      "height": 20
    },
    "rotated": false,
    "capInsets": [
      0,
      0,
      0,
      0
    ],
    "vertices": {
      "rawPosition": [
        -49.5,
        -5.5,
        0,
        49.5,
        -5.5,
        0,
        -49.5,
        5.5,
        0,
        49.5,
        5.5,
        0
      ],
      "indexes": [
        0,
        1,
        2,
        2,
        1,
        3
      ],
      "uv": [
        0,
        11,
        99,
        11,
        0,
        0,
        99,
        0
      ],
      "nuv": [
        0,
        0,
        0.99,
        0,
        0,
        0.55,
        0.99,
        0.55
      ],
      "minPos": {
        "x": -49.5,
        "y": -5.5,
        "z": 0
      },
      "maxPos": {
        "x": 49.5,
        "y": 5.5,
        "z": 0
      }
    },
    "texture": "8893af23-33bc-4729-9644-02e4566bfc41@6c48a",
    "packable": true,
    "pixelsToUnit": 100,
    "pivot": {
      "x": 0.5,
      "y": 0.5
    },
    "meshType": 0
  }
}