[
  {
    "__type__": "cc.AnimationClip",
    "_name": "floor2",
    "_objFlags": 0,
    "__editorExtras__": {
      "embeddedPlayerGroups": []
    },
    "_native": "",
    "sample": 60,
    "speed": 0.1,
    "wrapMode": 2,
    "enableTrsBlending": false,
    "_duration": 0.23333333333333334,
    "_hash": 500763545,
    "_tracks": [
      {
        "__id__": 1
      }
    ],
    "_exoticAnimation": null,
    "_events": [],
    "_embeddedPlayers": []
  },
  {
    "__type__": "cc.animation.ObjectTrack",
    "_binding": {
      "__type__": "cc.animation.TrackBinding",
      "path": {
        "__id__": 2
      }
    },
    "_channel": {
      "__id__": 4
    }
  },
  {
    "__type__": "cc.animation.TrackPath",
    "_paths": [
      {
        "__id__": 3
      },
      "spriteFrame"
    ]
  },
  {
    "__type__": "cc.animation.ComponentPath",
    "component": "cc.Sprite"
  },
  {
    "__type__": "cc.animation.Channel",
    "_curve": {
      "__id__": 5
    }
  },
  {
    "__type__": "cc.ObjectCurve",
    "_times": [
      0.03333333333333333,
      0.21666666666666667
    ],
    "_values": [
      {
        "__uuid__": "2147ed47-55bd-4ea9-bb32-341a26737314@f9941",
        "__expectedType__": "cc.SpriteFrame"
      },
      {
        "__uuid__": "4bebecbb-ef7a-4e11-9f7c-d0e79c202272@f9941",
        "__expectedType__": "cc.SpriteFrame"
      }
    ]
  }
]